Has_Online_Delivery,Is_Delivering_Now,Has_Table_Booking
0,0,0
0,0,0
0,0,0
0,0,0
0,0,0
0,0,0
0,0,0
0,0,0
0,0,0
0,0,0
0,0,0
0,0,0
0,0,0
0,0,0
0,0,0
0,0,0
0,0,0
0,0,0
0,0,0
0,0,0
0,0,0
0,0,0
0,0,0
0,0,0
0,0,0
0,0,0
0,0,0
0,0,0
0,0,0
0,0,0
0,0,0
0,0,0
0,0,0
0,0,0
0,0,0
0,0,0
0,0,0
0,0,0
0,0,0
0,0,0
0,0,0
0,0,0
0,0,0
0,0,0
0,0,0
0,0,0
0,0,0
0,0,0
0,0,0
0,0,0
0,0,0
0,0,0
0,0,0
0,0,0
0,0,0
0,0,0
0,0,0
0,0,0
0,0,0
0,0,0
0,0,0
0,0,0
0,0,0
0,0,0
0,0,0
0,0,0
0,0,0
0,0,0
0,0,0
0,0,0
0,0,0
0,0,0
0,0,0
0,0,0
0,0,0
0,0,0
0,0,0
0,0,0
0,0,0
0,0,0
0,0,0
0,0,0
0,0,0
0,0,0
0,0,0
0,0,0
0,0,0
0,0,0
0,0,0
0,0,0
0,0,0
0,0,0
0,0,0
0,0,0
0,0,0
0,0,0
0,0,0
0,0,0
0,0,0
0,0,0
0,0,0
0,0,0
0,0,0
0,0,0
0,0,0
0,0,0
0,0,0
0,0,0
0,0,0
0,0,0
0,0,0
0,0,0
0,0,0
0,0,0
0,0,0
0,0,0
0,0,0
0,0,0
0,0,0
0,0,0
0,0,0
0,0,0
0,0,0
0,0,0
0,0,0
0,0,0
0,0,0
0,0,0
0,0,0
0,0,0
0,0,0
0,0,0
0,0,0
0,0,0
0,0,0
0,0,0
0,0,0
0,0,0
0,0,0
0,0,0
1,0,1
1,0,1
0,0,1
1,0,0
0,0,0
1,0,0
1,0,0
1,0,0
0,0,0
1,0,1
1,0,0
1,0,0
1,0,0
0,0,0
1,0,0
1,0,0
1,0,0
1,0,0
0,0,0
0,0,0
0,0,0
1,0,1
0,0,0
0,0,0
0,0,0
1,0,1
0,0,0
0,0,0
0,0,1
1,0,1
1,0,1
0,0,1
0,0,0
0,0,0
0,0,0
0,0,1
1,0,0
0,0,0
1,0,0
0,0,0
0,0,0
1,0,1
0,0,0
0,0,0
0,0,0
1,0,1
0,0,0
0,0,0
0,0,1
1,0,1
1,0,1
0,0,1
0,0,0
0,0,0
0,0,0
0,0,1
1,0,0
0,0,0
1,0,0
0,0,0
0,0,0
1,0,1
0,0,0
0,0,0
0,0,0
1,0,1
0,0,0
0,0,0
0,0,1
1,0,1
1,0,1
0,0,1
0,0,0
0,0,0
0,0,0
0,0,1
1,0,0
0,0,0
1,0,0
0,0,0
0,0,0
1,0,1
0,0,0
0,0,0
0,0,0
1,0,1
0,0,0
0,0,0
0,0,1
1,0,1
1,0,1
0,0,1
0,0,0
0,0,0
0,0,0
0,0,1
1,0,0
0,0,0
1,0,0
0,0,0
0,0,0
1,0,1
0,0,0
0,0,0
0,0,0
1,0,1
0,0,0
0,0,0
0,0,1
1,0,1
1,0,1
0,0,1
0,0,0
0,0,0
0,0,0
0,0,1
1,0,0
0,0,0
1,0,0
0,0,0
0,0,0
1,0,1
1,0,0
1,0,0
0,0,0
1,0,0
1,0,0
0,0,0
0,0,0
0,0,0
1,0,0
0,0,0
0,0,0
0,0,0
1,0,0
1,0,0
1,0,0
0,0,0
0,0,0
0,0,0
0,0,0
0,0,0
0,0,1
0,0,0
0,0,0
0,0,0
0,0,0
0,0,0
0,0,0
0,0,1
1,0,0
0,0,0
0,0,0
0,0,1
0,0,0
0,0,0
0,0,0
0,0,0
0,0,0
0,0,1
1,0,0
1,0,0
0,0,0
0,0,0
0,0,1
0,0,0
0,0,0
0,0,0
0,0,0
0,0,0
0,0,1
0,0,0
0,0,0
0,0,0
1,0,0
0,0,0
1,0,0
1,0,1
1,0,0
0,0,1
0,0,0
1,0,1
0,0,0
0,0,0
0,0,0
1,0,1
0,0,0
0,0,0
0,0,1
1,0,1
1,0,1
0,0,1
0,0,0
0,0,0
0,0,0
0,0,1
1,0,0
0,0,0
1,0,0
0,0,0
1,0,0
0,0,1
0,0,0
1,0,0
0,0,1
1,0,0
1,0,0
0,0,0
1,0,0
0,0,0
1,0,0
1,0,0
0,0,0
1,0,0
1,0,0
1,0,0
0,0,0
1,0,0
1,0,0
0,0,0
0,0,0
1,0,1
0,0,0
0,0,0
0,0,0
1,0,1
0,0,0
0,0,0
0,0,1
1,0,1
1,0,1
0,0,1
0,0,0
0,0,0
0,0,0
0,0,1
1,0,0
0,0,0
1,0,0
0,0,0
0,0,0
1,0,1
0,0,0
0,0,0
0,0,0
1,0,1
0,0,0
0,0,0
0,0,1
1,0,1
1,0,1
0,0,1
0,0,0
0,0,0
0,0,0
0,0,1
1,0,0
0,0,0
1,0,0
0,0,0
0,0,1
0,0,0
0,0,0
1,0,0
1,0,1
0,0,1
0,0,1
0,0,1
1,0,0
0,0,0
0,0,0
0,0,0
0,0,1
1,0,0
0,0,1
0,0,0
0,0,0
0,0,0
0,0,1
0,0,0
0,0,0
0,0,0
1,0,0
0,0,0
1,0,0
0,0,0
1,0,0
0,0,0
0,0,0
1,0,0
0,0,0
1,0,0
0,0,0
0,0,0
0,0,0
0,0,0
0,0,0
0,0,0
0,0,0
0,0,0
0,0,0
0,0,0
0,0,0
0,0,0
0,0,0
0,0,0
0,0,0
0,0,0
0,0,0
0,0,0
0,0,0
0,0,0
0,0,0
0,0,0
0,0,0
0,0,0
0,0,0
0,0,0
0,0,0
0,0,0
0,0,0
1,0,1
0,0,0
0,0,0
0,0,0
1,0,1
0,0,0
0,0,0
0,0,1
1,0,1
1,0,1
0,0,1
0,0,0
0,0,0
0,0,0
0,0,1
1,0,0
0,0,0
1,0,0
0,0,0
1,0,0
0,0,0
0,0,0
1,0,0
0,0,0
1,0,0
1,0,0
0,0,1
0,0,0
0,0,1
0,0,0
0,0,0
0,0,0
0,0,0
0,0,1
1,0,0
0,0,0
0,0,0
0,0,0
0,0,0
0,0,0
0,0,0
1,0,0
1,0,0
1,0,1
1,0,0
1,0,1
1,0,1
1,0,0
0,0,0
1,0,0
1,0,0
0,0,1
1,0,0
1,0,1
1,0,0
1,0,1
1,0,0
1,0,0
1,0,0
1,0,0
0,0,0
0,0,0
1,0,1
1,0,0
1,0,0
0,0,0
1,0,0
1,0,0
0,0,0
0,0,1
1,0,0
0,0,0
0,0,0
1,0,1
1,0,0
1,0,0
0,0,0
1,0,0
1,0,1
0,0,0
0,0,0
0,0,0
1,0,0
0,0,0
0,0,0
0,0,0
0,0,0
0,0,0
1,0,1
0,0,1
0,0,0
0,0,1
1,0,1
1,0,1
1,0,1
1,0,0
1,0,1
0,0,1
1,0,1
0,0,0
1,0,1
0,0,0
0,0,0
0,0,0
1,0,1
0,0,0
0,0,0
0,0,1
1,0,1
1,0,1
0,0,1
0,0,0
0,0,0
0,0,0
0,0,1
1,0,0
0,0,0
1,0,0
0,0,0
0,0,0
0,0,0
0,0,0
0,0,0
0,0,0
0,0,0
0,0,0
0,0,0
0,0,0
0,0,0
0,0,0
0,0,0
0,0,0
0,0,0
0,0,0
0,0,0
0,0,0
0,0,0
0,0,0
0,0,0
0,0,0
1,0,0
0,0,0
0,0,0
0,0,0
1,0,0
0,0,0
0,0,0
0,0,0
1,0,0
0,0,0
0,0,0
1,0,0
0,0,0
0,0,0
0,0,0
1,0,0
1,0,0
0,0,0
0,0,0
0,0,0
0,0,0
0,0,1
0,0,0
0,0,0
0,0,0
0,0,0
0,0,0
0,0,0
0,0,0
0,0,0
0,0,0
0,0,0
0,0,0
0,0,0
0,0,0
0,0,1
0,0,1
0,0,1
0,0,0
1,0,0
0,0,0
0,0,0
0,0,1
0,0,0
1,0,0
0,0,0
0,0,0
0,0,0
0,0,0
0,0,0
0,0,1
0,0,0
0,0,1
0,0,0
0,0,0
0,0,0
0,0,0
0,0,0
0,0,0
0,0,0
0,0,0
0,0,1
0,0,1
0,0,0
0,0,0
0,0,0
0,0,0
0,0,0
0,0,0
0,0,0
0,0,0
0,0,0
0,0,0
0,0,0
0,0,0
0,0,0
0,0,0
0,0,0
1,0,0
0,0,0
0,0,0
0,0,0
0,0,0
0,0,0
0,0,0
0,0,0
0,0,0
0,0,0
0,0,0
0,0,0
1,0,1
1,0,1
1,0,1
0,0,0
1,0,0
1,0,0
1,0,0
1,0,0
0,0,0
1,0,0
0,0,0
1,0,0
0,0,0
1,0,0
1,0,0
1,0,0
1,0,0
0,0,0
1,0,0
1,0,0
1,0,0
1,0,0
0,0,0
0,0,0
1,0,1
0,0,0
0,0,0
0,0,0
1,0,1
0,0,0
0,0,0
0,0,1
1,0,1
1,0,1
0,0,1
0,0,0
0,0,0
0,0,0
0,0,1
1,0,0
0,0,0
1,0,0
0,0,0
0,0,1
0,0,0
0,0,0
1,0,0
0,0,0
0,0,0
1,0,1
1,0,0
0,0,0
0,0,1
0,0,1
1,0,1
0,0,0
0,0,1
1,0,0
0,0,1
1,0,1
1,0,1
0,0,1
0,0,1
1,0,1
1,0,0
1,0,0
1,0,1
1,0,0
1,0,1
1,0,1
0,0,1
1,0,0
0,0,0
1,0,0
1,0,0
1,0,0
1,0,0
1,0,1
1,0,0
1,0,0
1,0,0
0,0,0
1,0,0
0,0,0
0,0,0
1,0,0
1,0,0
0,0,0
0,0,0
0,0,0
0,0,0
1,0,0
0,0,0
0,0,0
0,0,0
0,0,0
1,0,1
1,0,1
1,0,0
0,0,0
1,0,0
0,0,1
1,0,1
0,0,0
1,0,1
0,0,0
0,0,0
0,0,0
1,0,1
0,0,0
0,0,0
0,0,1
1,0,1
1,0,1
0,0,1
0,0,0
0,0,0
0,0,0
0,0,1
1,0,0
0,0,0
1,0,0
0,0,0
0,0,1
0,0,1
1,0,0
1,0,0
0,0,0
1,0,0
0,0,0
0,0,0
0,0,0
1,0,0
0,0,0
0,0,0
0,0,0
1,0,0
0,0,0
0,0,0
0,0,0
0,0,0
0,0,0
0,0,0
1,0,0
1,0,0
0,0,0
1,0,1
1,0,1
1,0,1
0,0,1
1,0,0
0,0,1
1,0,1
0,0,0
0,0,1
0,0,0
0,0,0
0,0,0
0,0,0
1,0,0
0,0,0
0,0,0
1,0,1
0,0,0
0,0,0
0,0,0
0,0,0
0,0,0
0,0,0
0,0,0
0,0,0
0,0,0
0,0,0
0,0,0
0,0,0
0,0,0
0,0,0
0,0,0
0,0,0
0,0,0
0,0,0
0,0,0
0,0,0
0,0,0
0,0,0
0,0,0
0,0,0
0,0,0
0,0,0
0,0,0
0,0,1
0,0,0
0,0,0
0,0,0
0,0,0
0,0,0
0,0,0
0,0,0
0,0,0
0,0,0
1,0,0
0,0,1
0,0,0
0,0,0
1,0,1
0,0,0
0,0,0
0,0,0
1,0,1
0,0,0
0,0,0
0,0,1
1,0,1
1,0,1
0,0,1
0,0,0
0,0,0
0,0,0
0,0,1
1,0,0
0,0,0
1,0,0
0,0,0
0,0,0
1,0,1
0,0,0
0,0,0
0,0,0
1,0,1
0,0,0
0,0,0
0,0,1
1,0,1
1,0,1
0,0,1
0,0,0
0,0,0
0,0,0
0,0,1
1,0,0
0,0,0
1,0,0
0,0,0
1,0,0
1,0,0
0,0,1
0,0,0
1,0,0
0,0,0
1,0,0
1,1,0
1,0,1
1,0,0
1,0,0
1,0,1
0,0,0
1,0,0
1,0,0
1,0,0
0,0,0
1,0,0
0,0,0
1,0,0
0,0,0
0,0,0
0,0,0
0,0,0
0,0,0
0,0,0
0,0,0
0,0,0
0,0,0
0,0,0
0,0,0
0,0,0
0,0,0
0,0,0
0,0,0
0,0,0
0,0,0
0,0,0
0,0,0
0,0,0
0,0,1
1,0,0
0,0,1
0,0,0
0,0,0
0,0,0
0,0,0
0,0,0
0,0,0
0,0,0
1,1,0
1,0,0
0,0,0
0,0,0
0,0,0
0,0,0
0,0,0
0,0,0
0,0,0
0,0,0
1,0,0
0,0,0
0,0,0
0,0,0
0,0,0
0,0,0
0,0,0
0,0,0
0,0,0
0,0,0
0,0,0
0,0,0
0,0,0
0,0,0
0,0,0
1,0,0
1,0,0
0,0,0
0,0,0
1,0,0
1,0,1
1,0,1
0,0,0
0,0,0
0,0,0
0,0,1
1,0,0
1,0,0
0,0,0
0,0,0
0,0,0
1,0,0
0,0,0
1,0,1
0,0,0
0,0,0
0,0,1
0,0,0
1,0,0
0,0,0
0,0,0
0,0,0
1,0,0
1,1,0
1,0,1
1,0,0
1,0,0
1,0,0
1,0,0
0,0,0
1,0,0
1,0,1
0,0,1
0,0,0
1,0,1
1,0,0
0,0,0
0,0,0
0,0,1
0,0,0
0,0,0
0,0,0
0,0,0
0,0,0
0,0,0
0,0,0
0,0,0
0,0,0
0,0,0
0,0,0
0,0,0
0,0,0
0,0,0
0,0,0
0,0,0
0,0,0
0,0,0
0,0,0
0,0,0
0,0,0
0,0,0
0,0,0
0,0,0
0,0,0
0,0,0
0,0,0
0,0,0
0,0,0
0,0,0
0,0,0
0,0,0
0,0,0
0,0,0
0,0,0
0,0,0
0,0,0
0,0,0
0,0,0
0,0,0
0,0,0
0,0,0
0,0,0
0,0,0
1,0,0
0,0,0
0,0,0
0,0,1
1,0,0
1,0,0
0,0,0
0,0,0
0,0,0
1,0,0
0,0,0
0,0,0
1,0,0
1,0,1
0,0,0
1,0,0
0,0,0
1,0,1
0,0,0
0,0,0
0,0,0
1,0,1
0,0,0
0,0,0
0,0,1
1,0,1
1,0,1
0,0,1
0,0,0
0,0,0
0,0,0
0,0,1
1,0,0
0,0,0
1,0,0
0,0,0
0,0,1
0,0,0
0,0,1
0,0,0
0,0,0
0,0,0
0,0,0
0,0,1
0,0,0
1,0,0
0,0,0
0,0,0
0,0,0
0,0,0
0,0,0
0,0,0
0,0,0
0,0,0
0,0,0
0,0,0
0,0,0
1,0,1
0,0,0
0,0,0
0,0,0
1,0,1
0,0,0
0,0,0
0,0,1
1,0,1
1,0,1
0,0,1
0,0,0
0,0,0
0,0,0
0,0,1
1,0,0
0,0,0
1,0,0
0,0,0
1,0,0
0,0,0
0,0,0
0,0,0
0,0,0
0,0,0
0,0,0
0,0,0
1,0,0
0,0,0
0,0,0
0,0,0
0,0,0
1,0,0
1,0,0
0,0,0
0,0,0
1,0,0
0,0,0
0,0,0
0,0,0
1,0,1
0,0,0
0,0,0
0,0,0
1,0,1
0,0,0
0,0,0
0,0,1
1,0,1
1,0,1
0,0,1
0,0,0
0,0,0
0,0,0
0,0,1
1,0,0
0,0,0
1,0,0
0,0,0
0,0,0
0,0,0
0,0,0
0,0,0
0,0,0
0,0,0
0,0,0
0,0,0
0,0,0
0,0,0
0,0,0
0,0,0
0,0,0
0,0,0
0,0,0
0,0,0
0,0,0
0,0,0
0,0,0
0,0,0
0,0,0
1,0,1
0,0,0
0,0,0
0,0,0
1,0,1
0,0,0
0,0,0
0,0,1
1,0,1
1,0,1
0,0,1
0,0,0
0,0,0
0,0,0
0,0,1
1,0,0
0,0,0
1,0,0
0,0,0
1,0,1
1,0,0
1,0,0
1,0,1
1,0,0
1,0,0
1,0,0
0,0,0
0,0,1
0,0,0
1,0,1
1,0,0
1,0,0
0,0,0
1,0,0
0,0,0
1,0,1
0,0,0
1,0,0
1,0,1
0,0,0
1,0,1
0,0,0
0,0,0
0,0,0
1,0,1
0,0,0
0,0,0
0,0,1
1,0,1
1,0,1
0,0,1
0,0,0
0,0,0
0,0,0
0,0,1
1,0,0
0,0,0
1,0,0
0,0,0
0,0,0
0,0,0
0,0,0
1,0,1
1,0,0
1,0,0
0,0,1
1,0,0
1,0,0
1,0,1
0,0,0
1,0,0
1,0,0
0,0,0
0,0,0
0,0,0
0,0,0
0,0,0
0,0,0
0,0,0
0,0,0
0,0,0
0,0,0
0,0,0
0,0,0
0,0,0
0,0,1
0,0,1
1,0,0
0,0,1
0,0,1
1,0,0
0,0,0
0,0,0
1,0,0
1,0,0
0,0,0
1,0,0
0,0,1
0,0,1
0,0,0
0,0,0
0,0,0
0,0,0
0,0,0
0,0,0
0,0,0
0,0,0
0,0,0
0,0,0
0,0,0
0,0,0
0,0,0
0,0,0
0,0,0
0,0,0
0,0,0
0,0,0
0,0,0
0,0,0
0,0,0
0,0,0
0,0,0
1,0,0
0,0,0
1,0,0
0,0,0
0,0,0
0,0,0
0,0,0
0,0,0
0,0,0
0,0,0
0,0,0
0,0,0
0,0,0
0,0,0
0,0,0
0,0,0
0,0,0
0,0,0
0,0,0
0,0,0
0,0,0
0,0,0
0,0,0
0,0,0
0,0,0
0,0,0
0,0,0
0,0,0
0,0,0
0,0,0
0,0,0
0,0,0
0,0,0
0,0,1
1,0,0
1,0,0
0,0,0
0,0,1
0,0,1
1,0,0
0,0,1
1,0,0
0,0,0
1,0,0
0,0,1
0,0,0
0,0,1
1,0,0
0,0,0
1,0,0
1,0,0
0,0,1
1,0,0
1,0,0
0,0,1
1,0,0
1,0,1
0,0,0
0,0,0
0,0,0
0,0,0
0,0,0
0,0,0
0,0,0
0,0,0
0,0,0
0,0,0
0,0,0
0,0,0
0,0,0
0,0,0
0,0,0
0,0,0
0,0,0
0,0,0
0,0,0
0,0,0
0,0,0
0,0,0
0,0,0
0,0,0
1,0,0
1,0,1
0,0,0
1,0,0
1,0,0
1,0,0
1,0,0
0,0,0
1,0,0
1,0,1
1,0,0
0,0,1
0,0,0
0,0,0
1,0,0
0,0,1
1,0,0
0,0,0
0,0,0
0,0,0
0,0,0
1,0,0
1,0,0
0,0,0
1,0,0
0,0,0
0,0,0
0,0,0
0,0,0
1,0,0
0,0,1
0,0,0
0,0,0
0,0,0
0,0,1
1,0,0
0,0,0
1,0,1
0,0,0
0,0,0
0,0,0
1,0,1
0,0,0
0,0,0
0,0,1
1,0,1
1,0,1
0,0,1
0,0,0
0,0,0
0,0,0
0,0,1
1,0,0
0,0,0
1,0,0
0,0,0
0,0,0
1,0,1
0,0,0
0,0,0
0,0,0
1,0,1
0,0,0
0,0,0
0,0,1
1,0,1
1,0,1
0,0,1
0,0,0
0,0,0
0,0,0
0,0,1
1,0,0
0,0,0
1,0,0
0,0,0
0,0,0
1,0,1
0,0,0
0,0,0
0,0,0
1,0,1
0,0,0
0,0,0
0,0,1
1,0,1
1,0,1
0,0,1
0,0,0
0,0,0
0,0,0
0,0,1
1,0,0
0,0,0
1,0,0
0,0,0
0,0,0
0,0,0
0,0,1
0,0,0
1,0,0
1,0,0
0,0,0
0,0,0
0,0,0
1,0,0
1,0,0
1,0,0
0,0,0
0,0,0
1,0,0
1,0,1
1,0,0
0,0,0
1,0,0
1,0,0
0,0,0
1,0,1
0,0,0
0,0,0
0,0,0
1,0,1
0,0,0
0,0,0
0,0,1
1,0,1
1,0,1
0,0,1
0,0,0
0,0,0
0,0,0
0,0,1
1,0,0
0,0,0
1,0,0
0,0,0
1,0,0
0,0,1
1,0,0
1,0,0
1,0,0
1,0,0
1,0,0
1,0,0
1,0,0
1,0,0
0,0,0
1,0,1
1,0,0
1,0,0
1,0,0
1,0,0
0,0,0
1,0,0
0,0,0
0,0,0
1,0,0
1,0,0
1,0,0
1,0,1
0,0,0
1,0,0
0,0,0
0,0,0
1,0,0
1,0,0
1,0,0
1,0,0
0,0,0
0,0,0
1,0,0
1,0,0
1,0,1
1,0,0
0,0,0
1,0,0
1,0,0
1,0,1
1,0,0
1,0,0
0,0,1
0,0,0
0,0,0
1,0,1
1,0,1
1,0,1
1,0,1
0,0,0
0,0,0
1,0,0
1,0,0
1,0,1
0,0,1
1,0,1
1,0,1
1,0,0
0,0,0
0,0,0
0,0,0
0,0,0
0,0,0
0,0,0
0,0,0
0,0,0
0,0,0
0,0,0
0,0,0
0,0,0
0,0,0
0,0,0
0,0,0
0,0,0
0,0,0
0,0,0
0,0,0
0,0,0
0,0,0
1,0,1
0,0,0
0,0,0
0,0,0
1,0,1
0,0,0
0,0,0
0,0,1
1,0,1
1,0,1
0,0,1
0,0,0
0,0,0
0,0,0
0,0,1
1,0,0
0,0,0
1,0,0
0,0,0
0,0,0
1,0,1
0,0,0
0,0,0
0,0,0
1,0,1
0,0,0
0,0,0
0,0,1
1,0,1
1,0,1
0,0,1
0,0,0
0,0,0
0,0,0
0,0,1
1,0,0
0,0,0
1,0,0
0,0,0
0,0,0
0,0,0
0,0,0
0,0,0
0,0,0
0,0,0
0,0,0
0,0,0
0,0,0
0,0,0
0,0,0
0,0,0
0,0,0
0,0,0
0,0,0
0,0,0
0,0,0
0,0,0
0,0,0
0,0,0
0,0,0
1,0,1
0,0,0
0,0,0
0,0,0
1,0,1
0,0,0
0,0,0
0,0,1
1,0,1
1,0,1
0,0,1
0,0,0
0,0,0
0,0,0
0,0,1
1,0,0
0,0,0
1,0,0
0,0,0
0,0,0
0,0,0
0,0,0
0,0,0
0,0,0
1,0,0
0,0,0
0,0,0
0,0,0
0,0,0
0,0,0
0,0,0
0,0,0
1,0,0
0,0,0
1,0,0
0,0,0
0,0,0
0,0,0
0,0,0
0,0,0
0,0,0
1,0,0
0,0,0
0,0,0
0,0,0
1,0,0
0,0,0
1,0,0
0,0,1
0,0,1
0,0,0
0,0,0
1,0,0
1,0,0
0,0,0
0,0,0
0,0,0
0,0,0
0,0,0
0,0,0
1,0,0
1,0,0
1,0,0
1,0,0
0,0,1
1,0,0
1,0,0
0,0,0
0,0,0
1,0,1
1,0,0
1,0,0
1,0,0
1,0,0
1,0,0
0,0,0
1,0,0
0,0,1
0,0,0
0,0,0
1,0,0
0,0,0
0,0,0
1,0,0
0,0,1
0,0,0
1,0,0
0,0,0
0,0,1
0,0,0
0,0,0
0,0,0
0,0,0
0,0,0
0,0,0
0,0,0
0,0,0
0,0,0
0,0,0
0,0,0
1,0,1
0,0,0
0,0,0
0,0,0
1,0,1
0,0,0
0,0,0
0,0,1
1,0,1
1,0,1
0,0,1
0,0,0
0,0,0
0,0,0
0,0,1
1,0,0
0,0,0
1,0,0
0,0,0
0,0,1
0,0,1
1,0,1
1,0,1
1,0,0
1,0,0
1,0,0
1,0,0
0,0,1
0,0,0
1,0,1
0,0,1
0,0,0
1,0,0
0,0,1
0,0,1
1,0,0
0,0,0
0,0,1
1,0,1
1,0,1
1,0,0
0,0,0
1,0,0
0,0,0
0,0,0
1,0,0
0,0,0
0,0,1
0,0,0
0,0,0
0,0,0
0,0,0
0,0,0
0,0,0
0,0,0
0,0,0
0,0,0
0,0,0
0,0,0
0,0,0
0,0,0
0,0,0
0,0,0
0,0,0
0,0,0
0,0,1
0,0,0
0,0,0
1,0,0
0,0,0
0,0,0
1,0,0
0,0,0
0,0,0
0,0,0
0,0,0
0,0,0
0,0,0
0,0,0
0,0,0
1,0,1
0,0,0
0,0,0
0,0,0
1,0,1
0,0,0
0,0,0
0,0,1
1,0,1
1,0,1
0,0,1
0,0,0
0,0,0
0,0,0
0,0,1
1,0,0
0,0,0
1,0,0
0,0,0
0,0,1
0,0,1
0,0,1
0,0,1
1,0,0
0,0,0
1,0,0
0,0,0
0,0,0
0,0,0
0,0,0
0,0,0
0,0,1
0,0,0
0,0,0
1,0,0
0,0,0
0,0,0
0,0,0
0,0,0
0,0,0
1,0,1
0,0,0
0,0,0
0,0,0
1,0,1
0,0,0
0,0,0
0,0,1
1,0,1
1,0,1
0,0,1
0,0,0
0,0,0
0,0,0
0,0,1
1,0,0
0,0,0
1,0,0
0,0,0
0,0,0
0,0,0
1,0,0
0,0,1
1,0,1
0,0,0
1,0,1
1,0,1
0,0,0
1,0,0
1,0,0
0,0,1
0,0,0
0,0,0
0,0,1
0,0,1
0,0,0
1,0,0
0,0,1
1,0,1
0,0,0
1,0,1
0,0,0
0,0,0
0,0,0
1,0,1
0,0,0
0,0,0
0,0,1
1,0,1
1,0,1
0,0,1
0,0,0
0,0,0
0,0,0
0,0,1
1,0,0
0,0,0
1,0,0
0,0,0
1,0,1
1,0,0
0,0,0
1,0,1
0,0,0
0,0,0
0,0,0
0,0,0
1,0,1
0,0,0
1,0,0
0,0,1
0,0,0
0,0,0
1,0,1
1,0,0
0,0,0
0,0,1
1,0,0
1,0,1
0,0,0
1,0,1
0,0,0
0,0,0
0,0,0
1,0,1
0,0,0
0,0,0
0,0,1
1,0,1
1,0,1
0,0,1
0,0,0
0,0,0
0,0,0
0,0,1
1,0,0
0,0,0
1,0,0
0,0,0
0,0,0
0,0,1
1,0,0
0,0,1
0,0,1
0,0,0
0,0,1
1,0,1
1,0,0
0,0,1
0,0,0
0,0,0
1,0,0
0,0,0
0,0,1
0,0,0
0,0,0
0,0,1
0,0,0
0,0,1
0,0,0
0,0,0
1,0,1
0,0,0
0,0,1
0,0,0
1,0,0
0,0,0
0,0,1
0,0,1
1,0,1
1,0,1
1,0,1
0,0,0
1,0,0
1,0,1
0,0,1
0,0,1
0,0,1
1,0,0
0,0,0
1,0,1
0,0,0
0,0,0
0,0,0
1,0,1
0,0,0
0,0,0
0,0,1
1,0,1
1,0,1
0,0,1
0,0,0
0,0,0
0,0,0
0,0,1
1,0,0
0,0,0
1,0,0
0,0,0
0,0,0
0,0,0
0,0,0
0,0,0
0,0,0
0,0,0
0,0,0
1,0,0
0,0,0
0,0,0
0,0,0
1,0,0
1,0,0
0,0,0
1,0,1
0,0,0
0,0,0
0,0,0
1,0,1
0,0,0
0,0,0
0,0,1
1,0,1
1,0,1
0,0,1
0,0,0
0,0,0
0,0,0
0,0,1
1,0,0
0,0,0
1,0,0
0,0,0
0,0,0
1,0,0
0,0,1
0,0,0
0,0,0
0,0,0
0,0,0
0,0,0
0,0,0
0,0,1
0,0,1
0,0,1
0,0,1
0,0,1
0,0,1
0,0,0
0,0,0
0,0,0
0,0,1
0,0,0
0,0,0
0,0,0
0,0,0
0,0,0
0,0,0
0,0,0
0,0,0
0,0,0
0,0,0
0,0,0
0,0,0
0,0,0
0,0,0
0,0,0
0,0,0
0,0,0
0,0,0
0,0,0
0,0,0
0,0,0
0,0,0
0,0,0
0,0,0
0,0,0
0,0,0
0,0,0
0,0,0
0,0,0
0,0,0
0,0,0
0,0,0
0,0,0
0,0,0
0,0,0
0,0,0
0,0,0
0,0,0
0,0,0
0,0,0
0,0,0
0,0,0
0,0,0
0,0,0
0,0,0
0,0,0
0,0,0
0,0,0
0,0,0
0,0,0
0,0,0
0,0,0
0,0,0
0,0,0
0,0,0
0,0,0
0,0,0
0,0,0
0,0,0
0,0,0
0,0,0
1,0,1
0,0,0
1,0,0
0,0,0
0,0,1
0,0,1
0,0,1
1,0,0
1,0,0
0,0,0
1,0,1
0,0,0
1,0,0
0,0,1
0,0,0
1,0,0
1,0,0
0,0,1
1,0,0
1,0,0
1,0,1
0,0,0
0,0,0
0,0,0
0,0,0
0,0,0
0,0,1
0,0,0
0,0,1
0,0,1
0,0,1
1,0,0
0,0,0
0,0,0
0,0,1
1,0,0
0,0,1
0,0,0
0,0,0
0,0,0
0,0,0
0,0,0
0,0,0
0,0,0
0,0,0
0,0,0
0,0,0
0,0,0
0,0,0
0,0,0
0,0,0
0,0,0
0,0,0
0,0,0
0,0,0
0,0,0
0,0,0
0,0,0
0,0,0
0,0,0
0,0,0
0,0,0
0,0,0
0,0,0
0,0,0
0,0,0
0,0,0
0,0,0
0,0,0
0,0,0
0,0,0
0,0,0
0,0,0
0,0,0
0,0,0
0,0,0
0,0,0
0,0,0
0,0,0
0,0,0
0,0,0
0,0,0
0,0,0
0,0,1
0,0,0
0,0,0
0,0,1
0,0,0
0,0,1
0,0,0
1,0,0
0,0,1
0,0,0
0,0,0
0,0,0
0,0,1
0,0,0
0,0,0
0,0,0
0,0,0
0,0,0
0,0,0
0,0,0
0,0,0
0,0,0
0,0,0
0,0,1
0,0,0
0,0,1
0,0,1
1,0,0
0,0,0
0,0,1
1,0,0
0,0,0
0,0,0
0,0,0
0,0,0
0,0,0
0,0,1
0,0,0
0,0,1
0,0,1
1,0,0
1,0,1
1,0,0
0,0,0
1,0,1
0,0,0
0,0,0
0,0,0
0,0,0
1,0,1
1,0,0
0,0,0
1,0,0
1,0,1
0,0,1
0,0,0
0,0,0
0,0,0
1,0,1
0,0,0
0,0,0
0,0,0
1,0,1
0,0,0
0,0,0
0,0,1
1,0,1
1,0,1
0,0,1
0,0,0
0,0,0
0,0,0
0,0,1
1,0,0
0,0,0
1,0,0
0,0,0
0,0,0
0,0,0
0,0,0
0,0,0
0,0,0
0,0,0
0,0,0
0,0,0
0,0,0
0,0,0
0,0,0
0,0,0
0,0,0
0,0,0
0,0,0
0,0,0
0,0,0
0,0,0
0,0,0
0,0,0
0,0,0
0,0,0
0,0,0
0,0,0
0,0,0
0,0,0
0,0,0
0,0,0
0,0,0
0,0,0
0,0,0
0,0,0
0,0,0
0,0,0
0,0,0
0,0,0
0,0,0
0,0,0
0,0,0
0,0,0
0,0,0
1,0,1
0,0,0
0,0,0
0,0,0
1,0,1
0,0,0
0,0,0
0,0,1
1,0,1
1,0,1
0,0,1
0,0,0
0,0,0
0,0,0
0,0,1
1,0,0
0,0,0
1,0,0
0,0,0
0,0,0
1,0,1
0,0,0
0,0,0
0,0,0
1,0,1
0,0,0
0,0,0
0,0,1
1,0,1
1,0,1
0,0,1
0,0,0
0,0,0
0,0,0
0,0,1
1,0,0
0,0,0
1,0,0
0,0,0
0,0,0
0,0,0
0,0,0
0,0,0
0,0,0
0,0,0
0,0,0
0,0,0
0,0,0
0,0,0
0,0,0
0,0,0
0,0,0
0,0,0
0,0,0
0,0,0
0,0,0
0,0,0
0,0,0
0,0,0
0,0,0
0,0,0
0,0,0
0,0,0
0,0,0
0,0,0
0,0,0
0,0,0
0,0,0
0,0,0
0,0,0
0,0,0
0,0,0
0,0,0
0,0,0
0,0,0
0,0,0
0,0,0
0,0,0
0,0,0
0,0,0
0,0,0
0,0,0
0,0,0
0,0,0
0,0,0
0,0,0
0,0,0
0,0,0
0,0,0
0,0,0
0,0,0
0,0,0
0,0,0
0,0,0
0,0,0
0,0,0
0,0,0
0,0,0
0,0,0
0,0,0
0,0,0
0,0,0
0,0,0
0,0,0
0,0,0
0,0,0
0,0,0
0,0,0
0,0,0
0,0,0
0,0,0
0,0,0
0,0,0
0,0,0
0,0,0
0,0,0
0,0,0
0,0,0
0,0,0
0,0,0
0,0,0
0,0,0
0,0,0
0,0,0
0,0,0
0,0,0
0,0,0
0,0,0
0,0,0
0,0,0
0,0,0
0,0,0
0,0,0
0,0,0
0,0,0
0,0,0
0,0,0
0,0,0
0,0,0
0,0,0
0,0,0
0,0,0
0,0,0
0,0,0
0,0,0
0,0,0
0,0,0
0,0,0
0,0,0
0,0,0
0,0,0
0,0,0
0,0,0
0,0,0
0,0,0
0,0,0
0,0,0
0,0,0
0,0,0
0,0,0
0,0,0
0,0,0
0,0,0
0,0,0
0,0,0
0,0,0
0,0,0
0,0,0
0,0,0
0,0,0
0,0,0
0,0,0
0,0,0
0,0,0
0,0,0
0,0,0
0,0,0
0,0,0
0,0,0
0,0,0
0,0,0
0,0,0
0,0,0
0,0,0
0,0,0
0,0,0
0,0,0
0,0,0
0,0,0
0,0,0
0,0,0
0,0,0
0,0,0
0,0,0
0,0,0
0,0,0
0,0,0
0,0,0
0,0,0
0,0,0
0,0,0
0,0,0
0,0,0
0,0,0
0,0,0
0,0,0
0,0,0
0,0,0
0,0,0
0,0,0
0,0,0
0,0,0
0,0,0
0,0,0
0,0,0
0,0,0
0,0,0
0,0,0
0,0,0
0,0,0
0,0,0
0,0,0
0,0,0
0,0,0
0,0,0
0,0,0
0,0,0
0,0,0
0,0,0
0,0,0
0,0,0
0,0,0
0,0,0
0,0,0
0,0,0
0,0,0
0,0,0
0,0,0
0,0,0
0,0,0
0,0,0
0,0,0
0,0,0
0,0,0
0,0,0
0,0,0
0,0,0
0,0,0
0,0,0
0,0,0
0,0,0
0,0,0
0,0,0
0,0,0
0,0,0
0,0,0
0,0,0
0,0,0
0,0,0
0,0,0
0,0,0
0,0,0
0,0,0
0,0,0
0,0,0
0,0,0
0,0,0
0,0,0
0,0,0
0,0,0
0,0,0
0,0,0
0,0,0
0,0,0
0,0,0
0,0,0
0,0,0
0,0,0
0,0,0
0,0,0
0,0,0
0,0,0
0,0,0
0,0,0
0,0,0
0,0,0
0,0,0
0,0,0
0,0,0
0,0,0
0,0,0
0,0,0
0,0,0
0,0,0
0,0,0
0,0,0
0,0,0
0,0,0
0,0,0
0,0,0
0,0,0
0,0,0
0,0,0
0,0,0
0,0,0
0,0,0
0,0,0
0,0,0
0,0,0
0,0,0
0,0,0
0,0,0
0,0,0
0,0,0
0,0,0
0,0,0
0,0,0
0,0,0
0,0,0
0,0,0
0,0,0
0,0,0
0,0,0
0,0,0
0,0,0
0,0,0
0,0,0
0,0,0
0,0,0
0,0,0
0,0,0
0,0,0
0,0,0
0,0,0
0,0,0
0,0,0
0,0,0
0,0,0
0,0,0
0,0,0
0,0,0
0,0,0
0,0,0
0,0,0
0,0,0
0,0,0
0,0,0
0,0,0
0,0,0
0,0,0
0,0,0
0,0,0
0,0,0
0,0,0
0,0,0
0,0,0
0,0,0
0,0,0
0,0,0
0,0,0
0,0,0
0,0,0
0,0,0
0,0,0
0,0,0
0,0,0
0,0,0
0,0,0
0,0,0
0,0,0
0,0,0
0,0,0
0,0,0
0,0,0
0,0,0
0,0,0
0,0,0
0,0,0
0,0,0
0,0,0
0,0,0
0,0,0
0,0,0
0,0,0
0,0,0
0,0,0
0,0,0
0,0,0
0,0,0
0,0,0
0,0,0
0,0,0
0,0,0
0,0,0
0,0,0
0,0,0
0,0,0
0,0,0
0,0,0
0,0,0
0,0,0
0,0,0
0,0,0
0,0,0
0,0,0
0,0,0
0,0,0
0,0,0
0,0,0
0,0,0
0,0,0
0,0,0
0,0,0
0,0,0
0,0,0
0,0,0
0,0,0
0,0,0
0,0,0
0,0,0
0,0,0
0,0,0
0,0,0
0,0,0
0,0,0
0,0,0
0,0,0
0,0,0
0,0,0
0,0,0
0,0,0
0,0,0
0,0,0
0,0,0
0,0,0
0,0,0
0,0,0
0,0,0
0,0,0
0,0,0
0,0,0
0,0,0
0,0,0
0,0,0
0,0,0
0,0,0
0,0,0
0,0,0
0,0,0
0,0,0
0,0,0
0,0,0
0,0,0
0,0,0
0,0,0
0,0,0
0,0,0
0,0,0
0,0,0
0,0,0
0,0,0
0,0,0
0,0,0
0,0,0
0,0,0
0,0,0
0,0,0
0,0,0
0,0,0
0,0,0
0,0,0
0,0,0
0,0,0
0,0,0
0,0,0
0,0,0
0,0,0
0,0,0
0,0,0
0,0,0
0,0,0
0,0,0
0,0,0
0,0,0
0,0,0
0,0,0
0,0,0
0,0,0
0,0,0
0,0,0
0,0,0
0,0,0
0,0,0
0,0,0
0,0,0
0,0,0
0,0,0
0,0,0
0,0,0
0,0,0
0,0,0
0,0,0
0,0,0
0,0,0
0,0,0
0,0,0
0,0,0
0,0,0
0,0,0
0,0,0
0,0,0
0,0,0
0,0,0
0,0,0
0,0,0
0,0,0
0,0,0
0,0,0
0,0,0
0,0,0
0,0,0
0,0,0
0,0,0
0,0,0
0,0,0
0,0,0
0,0,0
0,0,0
0,0,0
0,0,0
0,0,0
0,0,0
0,0,0
0,0,0
0,0,0
0,0,0
0,0,0
0,0,0
0,0,0
0,0,0
0,0,0
0,0,0
0,0,0
0,0,0
0,0,0
0,0,0
0,0,0
0,0,0
0,0,0
0,0,0
0,0,0
0,0,0
0,0,0
0,0,0
0,0,0
0,0,0
0,0,0
0,0,0
0,0,0
0,0,0
0,0,0
0,0,0
0,0,0
0,0,0
0,0,0
0,0,0
0,0,0
0,0,0
0,0,0
0,0,0
0,0,0
0,0,0
0,0,0
0,0,0
0,0,0
0,0,0
0,0,0
0,0,0
0,0,0
0,0,0
0,0,0
0,0,0
0,0,0
0,0,0
0,0,0
0,0,0
0,0,0
0,0,0
0,0,0
0,0,0
0,0,0
0,0,0
0,0,0
0,0,0
0,0,0
0,0,0
0,0,0
0,0,0
0,0,0
0,0,0
0,0,0
0,0,0
0,0,0
0,0,0
0,0,0
0,0,0
0,0,0
0,0,0
0,0,0
0,0,0
0,0,0
0,0,0
0,0,0
0,0,0
0,0,0
0,0,0
0,0,0
0,0,0
0,0,0
0,0,0
0,0,0
0,0,0
0,0,0
0,0,0
0,0,0
0,0,0
0,0,0
0,0,0
0,0,0
0,0,0
0,0,0
0,0,0
0,0,0
0,0,0
0,0,0
0,0,0
0,0,0
0,0,0
0,0,0
0,0,0
0,0,0
0,0,0
0,0,0
0,0,0
0,0,0
0,0,0
0,0,0
0,0,0
0,0,0
0,0,0
0,0,0
0,0,0
0,0,0
0,0,0
0,0,0
0,0,0
0,0,0
0,0,0
0,0,0
0,0,0
0,0,0
0,0,0
0,0,0
0,0,0
0,0,0
0,0,0
0,0,0
0,0,0
0,0,0
0,0,0
0,0,0
0,0,0
0,0,0
0,0,0
0,0,0
0,0,0
0,0,0
0,0,0
0,0,0
0,0,0
0,0,0
0,0,0
0,0,0
0,0,0
0,0,0
0,0,0
0,0,0
0,0,0
0,0,0
0,0,0
0,0,0
0,0,0
0,0,0
0,0,0
0,0,0
0,0,0
0,0,0
0,0,0
0,0,0
0,0,0
0,0,0
0,0,0
0,0,0
0,0,0
0,0,0
0,0,0
0,0,0
0,0,0
0,0,0
0,0,0
0,0,0
0,0,0
0,0,0
0,0,0
0,0,0
0,0,0
0,0,0
0,0,0
0,0,0
0,0,0
0,0,0
0,0,0
0,0,0
0,0,0
0,0,0
0,0,0
0,0,0
0,0,0
0,0,0
0,0,0
0,0,0
0,0,0
0,0,0
0,0,0
0,0,0
0,0,0
0,0,0
0,0,0
0,0,0
0,0,0
0,0,0
0,0,0
0,0,0
0,0,0
0,0,0
0,0,0
0,0,0
0,0,0
0,0,0
0,0,0
0,0,0
0,0,0
0,0,0
0,0,0
0,0,0
0,0,0
0,0,0
0,0,0
0,0,0
0,0,0
0,0,0
0,0,0
0,0,0
0,0,0
0,0,0
0,0,0
0,0,0
0,0,0
0,0,0
0,0,0
0,0,0
0,0,0
0,0,0
0,0,0
0,0,0
0,0,0
0,0,0
0,0,0
0,0,0
0,0,0
0,0,0
0,0,0
0,0,0
0,0,0
0,0,0
0,0,0
0,0,0
0,0,0
0,0,0
0,0,0
0,0,0
0,0,0
0,0,0
0,0,0
0,0,0
0,0,0
0,0,0
0,0,0
0,0,0
0,0,0
0,0,0
0,0,0
0,0,0
0,0,0
0,0,0
0,0,0
0,0,0
0,0,0
0,0,0
0,0,0
0,0,0
0,0,0
0,0,0
0,0,0
0,0,0
0,0,0
0,0,0
0,0,0
0,0,0
0,0,0
0,0,0
0,0,0
0,0,0
0,0,0
0,0,0
0,0,0
0,0,0
0,0,0
0,0,0
0,0,0
0,0,0
0,0,0
0,0,0
0,0,0
0,0,0
0,0,0
0,0,0
0,0,0
0,0,0
0,0,0
0,0,0
0,0,0
0,0,0
0,0,0
0,0,0
0,0,0
0,0,0
0,0,0
0,0,0
0,0,0
0,0,0
0,0,0
0,0,0
0,0,0
0,0,0
0,0,0
0,0,0
0,0,0
0,0,0
0,0,0
0,0,0
0,0,0
0,0,0
0,0,0
0,0,0
0,0,0
0,0,0
0,0,0
0,0,0
0,0,0
0,0,0
0,0,0
0,0,0
0,0,0
0,0,0
0,0,0
0,0,0
0,0,0
0,0,0
0,0,0
0,0,0
0,0,0
0,0,0
0,0,0
0,0,0
0,0,0
0,0,0
0,0,0
0,0,0
0,0,0
0,0,0
0,0,0
0,0,0
0,0,0
0,0,0
0,0,0
0,0,0
0,0,0
0,0,0
0,0,0
0,0,0
0,0,0
0,0,0
0,0,0
0,0,0
0,0,0
0,0,0
0,0,0
0,0,0
0,0,0
0,0,0
0,0,0
0,0,0
0,0,0
0,0,0
0,0,0
0,0,0
0,0,0
0,0,0
0,0,0
0,0,0
0,0,0
0,0,0
0,0,0
0,0,0
0,0,0
0,0,0
0,0,0
0,0,0
0,0,0
0,0,0
0,0,0
0,0,0
0,0,0
0,0,0
0,0,0
0,0,0
0,0,0
0,0,0
0,0,0
0,0,0
0,0,0
0,0,0
0,0,0
0,0,0
0,0,0
0,0,0
0,0,0
0,0,0
0,0,0
0,0,0
0,0,0
0,0,0
0,0,0
0,0,0
0,0,0
0,0,0
0,0,0
0,0,0
0,0,0
0,0,0
0,0,0
0,0,0
0,0,0
0,0,0
0,0,0
0,0,0
0,0,0
0,0,0
0,0,0
0,0,0
0,0,0
0,0,0
0,0,0
0,0,0
0,0,0
0,0,0
0,0,0
0,0,0
0,0,0
0,0,0
0,0,0
0,0,0
0,0,0
0,0,0
0,0,0
0,0,0
0,0,0
0,0,0
0,0,0
0,0,0
0,0,0
0,0,0
0,0,0
0,0,0
0,0,0
0,0,0
0,0,0
0,0,0
0,0,0
0,0,0
0,0,0
0,0,0
0,0,0
0,0,0
0,0,0
0,0,0
0,0,0
0,0,0
0,0,0
0,0,0
0,0,0
0,0,0
0,0,0
0,0,0
0,0,0
0,0,0
0,0,0
0,0,0
0,0,0
0,0,0
0,0,0
0,0,0
0,0,0
0,0,0
0,0,0
0,0,0
0,0,0
0,0,0
0,0,0
0,0,0
0,0,0
0,0,0
0,0,0
0,0,0
0,0,0
0,0,0
0,0,0
0,0,0
0,0,0
0,0,0
0,0,0
0,0,0
0,0,0
0,0,0
0,0,0
0,0,0
0,0,0
0,0,0
0,0,0
0,0,0
0,0,0
0,0,0
0,0,0
0,0,0
0,0,0
0,0,0
0,0,0
0,0,0
0,0,0
0,0,0
0,0,0
0,0,0
0,0,0
0,0,0
0,0,0
0,0,0
0,0,0
0,0,0
0,0,0
0,0,0
0,0,0
0,0,0
0,0,0
0,0,0
0,0,0
0,0,0
0,0,0
0,0,0
0,0,0
0,0,0
0,0,0
0,0,0
0,0,0
0,0,0
0,0,0
0,0,0
0,0,0
0,0,0
0,0,0
0,0,0
0,0,0
0,0,0
0,0,0
0,0,0
0,0,0
0,0,0
0,0,0
0,0,0
0,0,0
0,0,0
0,0,0
0,0,0
0,0,0
0,0,0
0,0,0
0,0,0
0,0,0
0,0,0
0,0,0
0,0,0
0,0,0
0,0,0
0,0,0
0,0,0
0,0,0
0,0,0
0,0,0
0,0,0
0,0,0
0,0,0
0,0,0
0,0,0
0,0,0
0,0,0
0,0,0
0,0,0
0,0,0
0,0,0
0,0,0
0,0,0
0,0,0
0,0,0
0,0,0
0,0,0
0,0,0
0,0,0
0,0,0
0,0,0
0,0,0
0,0,0
0,0,0
0,0,0
0,0,0
0,0,0
0,0,0
0,0,0
0,0,0
0,0,0
0,0,0
0,0,0
0,0,0
0,0,0
0,0,0
0,0,0
0,0,0
0,0,0
0,0,0
0,0,0
0,0,0
0,0,0
0,0,0
0,0,0
0,0,0
0,0,0
0,0,0
0,0,0
0,0,0
0,0,0
0,0,0
0,0,0
0,0,0
0,0,0
0,0,0
0,0,0
0,0,0
0,0,0
0,0,0
0,0,0
0,0,0
0,0,0
0,0,0
0,0,0
0,0,0
0,0,0
0,0,0
0,0,0
0,0,0
0,0,0
0,0,0
0,0,0
0,0,0
0,0,0
0,0,0
0,0,0
0,0,0
0,0,0
0,0,0
0,0,0
0,0,0
0,0,0
0,0,0
0,0,0
0,0,0
0,0,0
0,0,0
0,0,0
0,0,0
0,0,0
0,0,0
0,0,0
0,0,0
0,0,0
0,0,0
0,0,0
0,0,0
0,0,0
0,0,0
0,0,0
0,0,0
0,0,0
0,0,0
0,0,0
0,0,0
0,0,0
0,0,0
0,0,0
0,0,0
0,0,0
0,0,0
0,0,0
0,0,0
0,0,0
0,0,0
0,0,0
0,0,0
0,0,0
0,0,0
0,0,0
0,0,0
0,0,0
0,0,0
0,0,0
0,0,0
0,0,0
0,0,0
0,0,0
0,0,0
0,0,0
0,0,0
0,0,0
0,0,0
0,0,0
0,0,0
0,0,0
0,0,0
0,0,0
0,0,0
0,0,0
0,0,0
0,0,0
0,0,0
0,0,0
0,0,0
0,0,0
0,0,0
0,0,0
0,0,0
0,0,0
0,0,0
0,0,0
0,0,0
0,0,0
0,0,0
0,0,0
0,0,0
0,0,0
0,0,0
0,0,0
0,0,0
0,0,0
0,0,0
0,0,0
0,0,0
0,0,0
0,0,0
0,0,0
0,0,0
0,0,0
0,0,0
0,0,0
0,0,0
0,0,0
0,0,0
0,0,0
0,0,0
0,0,0
0,0,0
0,0,0
0,0,0
0,0,0
0,0,0
0,0,0
0,0,0
0,0,0
0,0,0
0,0,0
0,0,0
0,0,0
0,0,0
0,0,0
0,0,0
0,0,0
0,0,0
0,0,0
0,0,0
0,0,0
0,0,0
0,0,0
0,0,0
0,0,0
0,0,0
0,0,0
0,0,0
0,0,0
0,0,0
0,0,0
0,0,0
0,0,0
0,0,0
0,0,0
0,0,0
0,0,0
0,0,0
0,0,0
0,0,0
0,0,0
0,0,0
0,0,0
0,0,0
0,0,0
0,0,0
0,0,0
0,0,0
0,0,0
0,0,0
0,0,0
0,0,0
0,0,0
0,0,0
0,0,0
0,0,0
0,0,0
0,0,0
0,0,0
0,0,0
0,0,0
0,0,0
0,0,0
0,0,0
0,0,0
0,0,0
0,0,0
0,0,0
0,0,0
0,0,0
0,0,0
0,0,0
0,0,0
0,0,0
0,0,0
0,0,0
0,0,0
0,0,0
0,0,0
0,0,0
0,0,0
0,0,0
0,0,0
0,0,0
0,0,0
0,0,0
0,0,0
0,0,0
0,0,0
0,0,0
0,0,0
0,0,0
0,0,0
0,0,0
0,0,0
0,0,0
0,0,0
0,0,0
0,0,0
0,0,0
0,0,0
0,0,0
0,0,0
0,0,0
0,0,0
0,0,0
0,0,0
0,0,0
0,0,0
0,0,0
0,0,0
0,0,0
0,0,0
0,0,0
0,0,0
0,0,0
0,0,0
0,0,0
0,0,0
0,0,0
0,0,0
0,0,0
0,0,0
0,0,0
0,0,0
0,0,0
0,0,0
0,0,0
0,0,0
0,0,0
0,0,0
0,0,0
0,0,0
0,0,0
0,0,0
0,0,0
0,0,0
0,0,0
0,0,0
0,0,0
0,0,0
0,0,0
0,0,0
0,0,0
0,0,0
0,0,0
0,0,0
0,0,0
0,0,0
0,0,0
0,0,0
0,0,0
0,0,0
0,0,0
0,0,0
0,0,0
0,0,0
0,0,0
0,0,0
0,0,0
0,0,0
0,0,0
0,0,0
0,0,0
0,0,0
0,0,0
0,0,0
0,0,0
0,0,0
0,0,0
0,0,0
0,0,0
0,0,0
0,0,0
0,0,0
0,0,0
0,0,0
0,0,0
0,0,0
0,0,0
0,0,0
0,0,0
0,0,0
0,0,0
0,0,0
0,0,0
0,0,0
0,0,0
0,0,0
0,0,0
0,0,0
0,0,0
0,0,0
0,0,0
0,0,0
0,0,0
0,0,0
0,0,0
0,0,0
0,0,0
0,0,0
0,0,0
0,0,0
0,0,0
0,0,0
0,0,0
0,0,0
0,0,0
0,0,0
0,0,0
0,0,0
0,0,0
0,0,0
0,0,0
0,0,0
0,0,0
0,0,0
0,0,0
0,0,0
0,0,0
0,0,0
0,0,0
0,0,0
0,0,0
0,0,0
0,0,0
0,0,0
0,0,0
0,0,0
0,0,0
0,0,0
0,0,0
0,0,0
0,0,0
0,0,0
0,0,0
0,0,0
0,0,0
0,0,0
0,0,0
0,0,0
0,0,0
0,0,0
0,0,0
0,0,0
0,0,0
0,0,0
0,0,0
0,0,0
0,0,0
0,0,0
0,0,0
0,0,0
0,0,0
0,0,0
0,0,0
0,0,0
0,0,0
0,0,0
0,0,0
0,0,0
0,0,0
0,0,0
0,0,0
0,0,0
0,0,0
0,0,0
0,0,0
0,0,0
0,0,0
0,0,0
0,0,0
0,0,0
0,0,0
0,0,0
0,0,0
0,0,0
0,0,0
0,0,0
0,0,0
0,0,0
0,0,0
0,0,0
0,0,0
0,0,0
0,0,0
0,0,0
0,0,0
0,0,0
0,0,0
0,0,0
0,0,0
0,0,0
0,0,0
0,0,0
0,0,0
0,0,0
0,0,0
0,0,0
0,0,0
0,0,0
0,0,0
0,0,0
0,0,0
1,0,1
0,0,0
0,0,0
0,0,0
1,0,1
0,0,0
0,0,0
0,0,1
1,0,1
1,0,1
0,0,1
0,0,0
0,0,0
0,0,0
0,0,1
1,0,0
0,0,0
1,0,0
0,0,0
0,0,0
1,0,0
0,0,0
0,0,0
0,0,0
0,0,0
0,0,0
0,0,0
0,0,0
0,0,0
0,0,0
1,0,0
0,0,1
1,0,0
0,0,0
0,0,0
0,0,1
1,0,0
0,0,0
1,0,0
0,0,0
0,0,0
0,0,0
0,0,0
0,0,0
0,0,0
0,0,0
0,0,0
0,0,0
0,0,0
0,0,0
0,0,0
0,0,0
0,0,0
0,0,0
0,0,0
0,0,0
0,0,0
0,0,0
0,0,0
0,0,0
0,0,0
0,0,0
0,0,0
0,0,0
0,0,0
0,0,0
0,0,0
0,0,0
0,0,0
0,0,0
0,0,0
0,0,0
0,0,0
0,0,0
0,0,0
0,0,0
0,0,0
0,0,0
0,0,0
0,0,0
0,0,0
0,0,1
0,0,0
0,0,0
0,0,0
0,0,0
0,0,0
0,0,0
0,0,0
0,0,0
0,0,0
0,0,0
0,0,0
0,0,0
0,0,0
0,0,0
0,0,0
0,0,0
0,0,0
0,0,0
0,0,0
0,0,0
0,0,0
0,0,0
0,0,0
0,0,0
1,0,0
0,0,0
1,0,0
1,0,0
0,0,0
0,0,0
0,0,0
0,0,0
1,0,0
0,0,0
0,0,0
0,0,0
0,0,0
0,0,1
1,0,1
1,0,0
0,0,0
1,0,1
1,1,0
1,0,0
0,0,0
1,0,0
1,0,0
0,0,1
1,0,1
1,0,1
0,0,1
1,0,0
1,0,0
0,0,0
1,0,0
1,0,0
1,0,0
0,0,0
0,0,0
0,0,0
0,0,0
0,0,0
0,0,0
0,0,0
0,0,0
0,0,0
0,0,0
0,0,0
0,0,0
1,0,0
1,0,1
0,0,0
0,0,0
1,0,0
0,0,1
0,0,0
1,0,1
0,0,0
0,0,0
0,0,0
0,0,0
0,0,0
0,0,0
0,0,0
0,0,0
0,0,0
0,0,0
0,0,0
0,0,0
0,0,0
0,0,0
0,0,0
0,0,0
0,0,0
0,0,0
0,0,0
0,0,0
0,0,0
0,0,0
0,0,0
0,0,0
0,0,0
0,0,0
0,0,0
0,0,0
0,0,0
0,0,0
0,0,0
0,0,0
0,0,0
0,0,0
0,0,0
0,0,0
0,0,0
0,0,0
0,0,0
0,0,0
0,0,0
0,0,0
0,0,0
0,0,0
0,0,0
0,0,0
0,0,0
0,0,0
0,0,0
0,0,0
0,0,0
0,0,0
0,0,0
0,0,0
0,0,0
0,0,0
0,0,0
0,0,0
0,0,0
0,0,0
0,0,0
1,0,0
0,0,0
0,0,0
1,0,0
0,0,0
1,0,0
0,0,0
0,0,0
0,0,0
0,0,0
0,0,0
0,0,0
0,0,0
0,0,0
0,0,0
1,1,0
0,0,0
0,0,0
0,0,0
0,0,0
0,0,0
0,0,0
0,0,0
0,0,0
0,0,0
0,0,0
0,0,0
0,0,1
0,0,0
0,0,0
0,0,0
0,0,0
0,0,0
0,0,0
0,0,0
0,0,0
0,0,0
1,0,0
0,0,0
0,0,0
1,0,1
0,0,0
0,0,0
0,0,0
1,0,1
0,0,0
0,0,0
0,0,1
1,0,1
1,0,1
0,0,1
0,0,0
0,0,0
0,0,0
0,0,1
1,0,0
0,0,0
1,0,0
0,0,0
0,0,0
1,0,0
0,0,0
1,0,0
1,0,0
0,0,0
0,0,0
1,0,0
1,0,0
0,0,0
0,0,0
0,0,0
0,0,0
0,0,0
0,0,0
1,0,0
0,0,0
0,0,0
0,0,0
0,0,0
0,0,0
0,0,0
0,0,0
0,0,0
0,0,0
0,0,0
0,0,0
0,0,0
0,0,0
0,0,0
0,0,0
0,0,0
0,0,0
0,0,0
0,0,0
0,0,0
0,0,0
0,0,0
0,0,0
0,0,0
1,1,0
0,0,1
1,0,0
1,0,0
1,0,0
1,0,0
1,0,0
1,0,0
1,0,0
0,0,0
0,0,0
1,0,0
0,0,0
0,0,1
0,0,0
0,0,0
0,0,0
1,0,0
1,0,0
0,0,0
0,0,0
1,0,1
0,0,0
0,0,0
0,0,0
1,0,1
0,0,0
0,0,0
0,0,1
1,0,1
1,0,1
0,0,1
0,0,0
0,0,0
0,0,0
0,0,1
1,0,0
0,0,0
1,0,0
0,0,0
0,0,0
0,0,0
0,0,0
0,0,0
0,0,0
0,0,0
0,0,0
0,0,0
0,0,0
0,0,0
0,0,0
0,0,0
0,0,0
0,0,0
0,0,0
0,0,0
0,0,0
0,0,0
0,0,0
0,0,0
0,0,1
0,0,1
0,0,0
0,0,1
0,0,1
1,0,0
0,0,0
0,0,1
1,0,0
0,0,0
0,0,1
0,0,0
0,0,0
0,0,1
0,0,1
0,0,0
1,0,0
0,0,1
0,0,0
0,0,0
1,0,0
1,0,0
1,0,0
1,0,0
0,0,0
0,0,0
0,0,0
1,0,0
0,0,0
0,0,0
0,0,0
0,0,0
1,0,0
1,0,0
1,0,0
1,0,0
0,0,0
1,0,0
0,0,0
0,0,0
0,0,0
0,0,0
0,0,0
0,0,0
0,0,0
0,0,0
0,0,0
0,0,0
0,0,0
0,0,0
0,0,0
0,0,0
0,0,0
0,0,0
0,0,0
0,0,0
0,0,0
0,0,0
0,0,0
0,0,0
0,0,0
1,0,1
0,0,0
0,0,0
0,0,0
1,0,1
0,0,0
0,0,0
0,0,1
1,0,1
1,0,1
0,0,1
0,0,0
0,0,0
0,0,0
0,0,1
1,0,0
0,0,0
1,0,0
0,0,0
0,0,0
1,0,0
0,0,0
0,0,0
0,0,0
0,0,0
0,0,1
0,0,0
0,0,0
0,0,0
0,0,0
0,0,0
0,0,0
0,0,0
0,0,0
0,0,0
0,0,0
0,0,0
0,0,0
0,0,0
1,0,0
1,0,0
0,0,0
0,0,0
0,0,0
0,0,0
0,0,0
1,0,0
0,0,0
0,0,0
0,0,0
0,0,0
0,0,0
0,0,0
0,0,0
0,0,0
0,0,0
0,0,0
0,0,0
0,0,0
0,0,0
0,0,0
0,0,0
0,0,0
0,0,0
0,0,0
0,0,0
1,0,0
1,0,0
1,0,0
1,0,0
1,0,0
1,0,1
0,0,0
0,0,0
1,0,0
0,0,0
1,0,0
0,0,0
0,0,0
0,0,0
0,0,0
0,0,0
0,0,0
0,0,0
0,0,0
0,0,0
0,0,0
0,0,0
0,0,0
0,0,0
0,0,0
0,0,0
0,0,0
1,0,0
0,0,0
0,0,0
0,0,0
0,0,0
0,0,0
1,0,0
0,0,0
0,0,0
0,0,0
0,0,0
1,0,0
0,0,0
0,0,0
1,0,0
0,0,0
1,0,0
1,0,0
0,0,0
0,0,0
1,0,0
0,0,0
0,0,0
0,0,0
0,0,0
0,0,0
0,0,0
1,0,1
0,0,0
0,0,0
0,0,0
1,0,1
0,0,0
0,0,0
0,0,1
1,0,1
1,0,1
0,0,1
0,0,0
0,0,0
0,0,0
0,0,1
1,0,0
0,0,0
1,0,0
0,0,0
0,0,0
1,0,0
1,0,0
1,0,0
0,0,0
0,0,0
0,0,1
0,0,0
0,0,0
0,0,0
0,0,0
0,0,0
0,0,0
0,0,0
0,0,0
0,0,0
0,0,0
1,0,0
0,0,0
0,0,0
0,0,0
0,0,0
1,0,0
0,0,0
0,0,0
1,0,0
0,0,0
0,0,0
0,0,0
0,0,0
0,0,0
0,0,0
0,0,0
0,0,0
0,0,0
0,0,0
0,0,0
0,0,0
0,0,0
0,0,0
0,0,0
0,0,0
0,0,0
0,0,0
0,0,0
0,0,0
1,0,0
0,0,0
0,0,0
0,0,0
0,0,0
0,0,0
0,0,0
0,0,0
0,0,0
0,0,0
0,0,0
0,0,1
0,0,0
0,0,0
0,0,0
1,0,0
0,0,0
0,0,0
0,0,0
0,0,0
0,0,0
0,0,0
0,0,0
0,0,0
0,0,0
0,0,0
0,0,0
0,0,0
0,0,0
0,0,0
1,0,0
0,0,0
1,0,0
1,0,1
0,0,0
1,0,1
0,0,0
0,0,0
0,0,0
1,0,1
0,0,0
0,0,0
0,0,1
1,0,1
1,0,1
0,0,1
0,0,0
0,0,0
0,0,0
0,0,1
1,0,0
0,0,0
1,0,0
0,0,0
0,0,0
1,0,1
0,0,0
0,0,0
0,0,0
1,0,1
0,0,0
0,0,0
0,0,1
1,0,1
1,0,1
0,0,1
0,0,0
0,0,0
0,0,0
0,0,1
1,0,0
0,0,0
1,0,0
0,0,0
0,0,0
0,0,0
0,0,0
0,0,0
0,0,0
0,0,0
0,0,0
0,0,0
0,0,0
0,0,0
0,0,0
0,0,0
0,0,0
0,0,0
0,0,0
0,0,0
0,0,0
0,0,0
0,0,0
0,0,0
0,0,0
0,0,0
0,0,0
0,0,0
0,0,0
0,0,0
0,0,0
0,0,0
0,0,0
0,0,0
0,0,0
0,0,0
0,0,0
0,0,0
0,0,0
0,0,0
0,0,0
0,0,0
0,0,0
0,0,0
0,0,0
1,0,1
0,0,0
0,0,0
0,0,0
1,0,1
0,0,0
0,0,0
0,0,1
1,0,1
1,0,1
0,0,1
0,0,0
0,0,0
0,0,0
0,0,1
1,0,0
0,0,0
1,0,0
0,0,0
0,0,0
0,0,0
0,0,0
0,0,0
0,0,0
0,0,0
0,0,0
0,0,0
0,0,0
0,0,0
1,0,0
1,0,0
1,0,0
1,0,1
1,0,0
0,0,0
1,0,0
1,0,1
1,0,0
0,0,0
1,0,0
1,0,0
0,0,0
1,0,1
1,0,0
1,0,0
0,0,0
1,0,0
0,0,0
0,0,0
0,0,0
0,0,0
0,0,0
0,0,0
1,0,0
1,0,0
1,0,0
0,0,0
1,0,0
1,0,0
1,0,0
0,0,0
0,0,0
1,0,0
0,0,0
0,0,0
0,0,0
1,0,0
0,0,0
0,0,0
0,0,0
0,0,0
0,0,0
0,0,0
0,0,0
0,0,0
0,0,0
0,0,0
0,0,0
0,0,0
0,0,0
0,0,0
0,0,0
0,0,0
0,0,0
0,0,0
0,0,0
0,0,0
0,0,0
0,0,0
0,0,0
0,0,0
0,0,0
0,0,0
0,0,0
0,0,0
0,0,0
0,0,0
0,0,0
0,0,0
0,0,0
0,0,0
0,0,0
0,0,0
0,0,0
0,0,0
0,0,0
0,0,0
0,0,0
0,0,0
0,0,0
0,0,0
0,0,0
0,0,0
0,0,0
1,0,0
0,0,0
0,0,0
0,0,0
0,0,0
0,0,0
0,0,0
0,0,0
0,0,0
0,0,0
0,0,0
0,0,0
0,0,0
0,0,0
0,0,0
0,0,0
0,0,0
0,0,0
0,0,0
0,0,0
0,0,0
0,0,0
0,0,0
0,0,0
0,0,0
0,0,0
0,0,0
0,0,0
0,0,0
0,0,0
0,0,0
0,0,0
0,0,0
0,0,0
0,0,0
0,0,0
0,0,0
0,0,0
0,0,0
0,0,0
0,0,0
0,0,0
0,0,0
0,0,0
0,0,0
0,0,0
0,0,0
0,0,0
0,0,0
0,0,0
0,0,0
0,0,0
0,0,0
0,0,0
0,0,0
0,0,0
0,0,0
0,0,0
0,0,0
0,0,0
0,0,0
0,0,0
0,0,0
0,0,0
0,0,0
0,0,0
0,0,0
0,0,0
0,0,0
0,0,0
0,0,0
0,0,0
0,0,0
0,0,0
0,0,0
0,0,0
0,0,0
0,0,0
0,0,0
0,0,0
0,0,0
0,0,0
0,0,0
0,0,0
0,0,0
0,0,0
0,0,0
0,0,0
0,0,0
0,0,0
0,0,0
0,0,0
0,0,0
0,0,0
0,0,0
0,0,0
0,0,0
0,0,0
0,0,0
0,0,0
0,0,0
0,0,0
0,0,0
0,0,0
0,0,0
0,0,0
0,0,0
0,0,0
0,0,0
0,0,0
0,0,0
0,0,0
0,0,0
0,0,0
0,0,0
0,0,0
0,0,0
0,0,0
0,0,0
0,0,0
0,0,0
0,0,0
0,0,0
0,0,0
0,0,0
0,0,0
0,0,0
0,0,0
0,0,0
0,0,0
0,0,0
0,0,0
0,0,0
0,0,0
0,0,0
0,0,0
0,0,0
0,0,0
0,0,0
0,0,0
0,0,0
0,0,0
0,0,0
0,0,0
0,0,0
0,0,0
0,0,0
0,0,0
0,0,0
0,0,0
0,0,0
0,0,0
0,0,0
0,0,0
0,0,0
0,0,0
0,0,0
0,0,0
0,0,0
0,0,0
0,0,0
0,0,0
0,0,0
0,0,0
0,0,0
0,0,0
0,0,0
0,0,0
0,0,0
0,0,0
0,0,0
0,0,0
0,0,0
0,0,0
0,0,0
0,0,0
1,0,1
0,0,0
0,0,0
0,0,0
1,0,1
0,0,0
0,0,0
0,0,1
1,0,1
1,0,1
0,0,1
0,0,0
0,0,0
0,0,0
0,0,1
1,0,0
0,0,0
1,0,0
0,0,0
0,0,0
0,0,0
0,0,0
0,0,0
0,0,0
0,0,0
0,0,0
0,0,0
0,0,0
0,0,0
0,0,0
0,0,0
0,0,0
0,0,0
0,0,0
0,0,0
0,0,0
0,0,0
0,0,0
0,0,0
1,0,0
0,0,0
0,0,1
0,0,0
0,0,0
0,0,0
1,0,0
1,0,0
0,0,0
0,0,0
0,0,0
0,0,0
0,0,0
1,0,0
0,0,0
0,0,0
0,0,0
0,0,0
0,0,0
1,0,0
1,0,1
1,0,0
1,0,1
1,0,0
1,0,0
0,0,0
1,0,1
0,0,0
1,0,0
1,0,0
1,0,0
1,0,0
1,0,0
0,0,0
1,0,0
0,0,0
1,0,0
1,0,0
1,0,0
0,0,0
1,0,0
0,0,0
1,0,0
1,0,0
0,0,0
0,0,0
0,0,1
0,0,0
1,0,0
0,0,0
0,0,0
1,0,1
0,0,0
0,0,0
0,0,0
0,0,0
0,0,0
1,0,0
1,0,0
0,0,0
1,0,1
0,0,0
1,0,0
0,0,0
0,0,0
1,0,0
0,0,1
1,0,0
0,0,0
1,0,1
1,0,0
0,0,0
0,0,0
0,0,0
1,0,0
0,0,0
0,0,0
1,0,0
0,0,1
0,0,0
1,0,0
0,0,0
0,0,0
0,0,0
0,0,0
0,0,0
1,0,0
0,0,0
0,0,0
0,0,0
0,0,0
0,0,0
0,0,0
0,0,0
0,0,0
0,0,0
0,0,0
0,0,1
0,0,0
0,0,0
1,0,1
1,0,1
0,0,0
1,0,0
1,0,0
0,0,1
1,0,1
1,0,0
1,0,0
1,0,0
0,0,0
1,0,0
1,0,0
0,0,0
0,0,0
0,0,0
0,0,0
1,0,0
1,0,0
1,0,0
0,0,0
0,0,0
0,0,0
1,0,0
0,0,0
0,0,0
0,0,0
0,0,0
0,0,0
0,0,0
0,0,1
0,0,0
1,0,0
0,0,0
0,0,0
0,0,0
0,0,0
0,0,0
1,0,0
0,0,0
0,0,0
0,0,0
0,0,0
0,0,0
0,0,0
0,0,0
0,0,1
0,0,1
1,0,0
0,0,0
0,0,0
0,0,0
1,0,1
1,0,0
0,0,0
1,0,0
0,0,0
1,0,0
0,0,0
1,0,1
0,0,0
0,0,0
0,0,0
0,0,0
0,0,0
0,0,0
0,0,0
0,0,0
0,0,0
0,0,1
0,0,0
0,0,1
0,0,0
0,0,0
0,0,0
0,0,0
0,0,0
0,0,0
0,0,0
0,0,0
0,0,0
0,0,0
0,0,0
0,0,0
0,0,0
0,0,0
0,0,0
0,0,0
0,0,0
0,0,0
0,0,0
0,0,0
0,0,0
0,0,0
0,0,0
0,0,0
0,0,0
0,0,0
0,0,0
0,0,0
0,0,0
0,0,0
0,0,0
0,0,0
0,0,0
0,0,0
0,0,0
0,0,0
0,0,0
0,0,0
0,0,0
0,0,0
0,0,0
0,0,0
0,0,0
0,0,0
0,0,0
0,0,0
0,0,0
0,0,0
1,0,0
1,0,0
1,0,0
1,0,0
0,0,0
0,0,0
0,0,0
1,0,0
0,0,0
1,0,0
1,0,0
0,0,0
1,0,0
1,0,0
0,0,1
0,0,0
0,0,0
0,0,0
0,0,0
0,0,0
0,0,0
0,0,1
0,0,0
1,0,0
0,0,0
0,0,0
1,0,0
0,0,0
0,0,0
0,0,0
0,0,0
0,0,0
0,0,0
0,0,0
0,0,0
0,0,0
0,0,1
0,0,0
0,0,0
0,0,0
0,0,0
1,0,1
1,0,0
1,0,1
1,0,0
0,0,0
1,0,0
1,0,0
1,0,0
1,0,0
1,0,0
1,0,0
1,0,1
0,0,0
1,0,0
1,0,0
0,0,0
0,0,0
1,0,0
0,0,0
1,0,0
0,0,1
1,0,1
1,0,0
1,0,0
1,0,0
0,0,1
1,0,1
0,0,0
1,0,1
1,0,0
1,0,0
0,0,0
0,0,0
1,0,0
0,0,0
0,0,0
1,0,1
0,0,1
1,0,0
0,0,1
0,0,1
0,0,0
1,0,1
1,0,1
1,0,0
1,0,0
0,0,1
0,0,1
0,0,0
0,0,1
1,0,1
0,0,0
1,0,1
0,0,0
1,0,1
1,0,0
1,0,1
1,0,0
1,0,0
1,0,0
1,0,0
0,0,0
0,0,1
1,0,0
0,0,0
1,0,0
1,0,0
1,0,1
1,0,0
0,0,1
1,0,0
0,0,0
0,0,0
1,0,0
1,0,1
1,0,0
1,0,0
1,0,1
1,0,0
0,0,0
0,0,0
1,0,0
0,0,0
1,0,0
0,0,0
0,0,0
1,0,0
0,0,0
0,0,0
0,0,0
0,0,0
0,0,0
0,0,0
0,0,0
1,0,0
0,0,0
1,0,0
0,0,0
0,0,0
1,0,1
1,0,0
1,0,0
1,0,0
0,0,1
0,0,1
0,0,0
1,0,1
0,0,0
1,0,1
0,0,0
1,0,1
1,0,0
1,0,1
0,0,0
1,0,0
1,0,0
1,0,0
1,0,0
0,0,0
0,0,0
1,0,0
0,0,0
0,0,0
0,0,0
0,0,0
0,0,0
1,0,0
0,0,1
1,1,0
0,0,0
0,0,0
0,0,1
0,0,0
1,0,0
0,0,0
1,0,0
0,0,0
1,0,0
1,0,0
0,0,0
0,0,1
1,0,0
0,0,0
1,0,0
0,0,0
0,0,0
1,0,1
0,0,0
1,0,0
1,0,1
1,0,0
1,0,0
0,0,0
1,0,0
0,0,0
1,0,0
1,0,0
1,0,0
1,0,0
0,0,0
0,0,0
0,0,0
0,0,0
0,0,0
0,0,1
1,0,1
0,0,0
0,0,1
1,0,1
1,0,1
1,0,0
1,0,0
1,0,1
1,0,1
1,0,1
0,0,0
1,0,0
0,0,0
1,0,0
0,0,0
1,0,0
0,0,0
0,0,0
0,0,0
0,0,0
0,0,0
0,0,0
0,0,0
0,0,0
0,0,0
0,0,0
0,0,0
0,0,0
0,0,0
0,0,0
0,0,0
0,0,1
0,0,0
0,0,0
0,0,0
1,0,0
0,0,0
0,0,1
0,0,0
0,0,0
0,0,0
0,0,0
1,0,0
0,0,1
0,0,0
0,0,1
1,0,0
0,0,0
0,0,0
0,0,0
0,0,0
0,0,0
0,0,0
0,0,0
1,0,0
0,0,0
0,0,0
0,0,0
0,0,0
0,0,0
0,0,0
0,0,0
0,0,0
0,0,0
0,0,0
0,0,0
0,0,0
0,0,0
0,0,0
0,0,0
0,0,0
0,0,0
0,0,0
0,0,0
0,0,0
0,0,0
1,0,0
0,0,0
0,0,0
1,0,0
1,0,0
0,0,0
0,0,0
0,0,0
0,0,0
0,0,0
0,0,0
1,0,0
0,0,0
0,0,0
0,0,0
1,0,0
1,0,0
0,0,0
0,0,0
0,0,0
0,0,0
0,0,0
0,0,0
0,0,0
0,0,0
0,0,0
0,0,0
0,0,0
0,0,0
0,0,0
0,0,0
0,0,0
0,0,0
0,0,0
0,0,0
0,0,0
0,0,0
0,0,0
1,0,0
0,0,0
0,0,0
0,0,0
0,0,0
0,0,0
0,0,0
0,0,0
0,0,0
0,0,0
0,0,0
0,0,0
0,0,0
0,0,0
0,0,0
0,0,0
0,0,0
0,0,0
0,0,0
0,0,0
0,0,0
0,0,1
0,0,0
0,0,0
0,0,0
1,0,0
1,0,0
1,0,0
1,0,0
0,0,0
0,0,0
0,0,0
0,0,0
0,0,0
1,0,0
0,0,0
0,0,0
0,0,0
0,0,0
0,0,0
0,0,1
0,0,1
1,0,1
1,0,1
1,0,0
1,0,1
0,0,0
1,0,1
0,0,0
1,0,1
1,0,1
1,0,1
1,0,0
0,0,1
1,0,1
1,0,0
1,0,0
1,0,1
0,0,0
0,0,1
1,0,0
0,0,0
0,0,0
1,0,0
1,0,0
1,0,0
1,0,0
1,0,0
1,0,0
1,0,0
1,0,0
0,0,0
1,0,0
0,0,0
0,0,0
1,0,0
0,0,0
1,0,0
1,0,0
0,0,0
1,0,1
1,0,0
1,0,0
1,0,0
1,0,1
1,0,0
1,0,0
1,1,0
1,0,0
1,0,1
1,0,0
1,0,1
1,0,0
1,0,0
1,0,0
1,0,1
1,0,0
1,0,0
1,0,0
1,0,0
1,0,0
1,0,0
0,0,1
1,0,0
1,0,0
1,0,1
1,0,0
1,0,1
1,0,0
1,0,1
1,0,1
1,0,0
1,0,0
1,0,0
0,0,1
1,0,0
1,0,0
1,0,0
0,0,0
1,0,1
0,0,0
0,0,0
0,0,0
1,0,0
1,0,0
1,0,0
0,0,1
0,0,0
1,0,0
1,0,0
1,0,0
1,0,0
0,0,0
0,0,0
1,0,0
0,0,0
0,0,1
0,0,0
0,0,0
0,0,1
0,0,0
1,0,0
0,0,0
0,0,0
0,0,0
0,0,0
1,0,0
0,0,0
0,0,1
0,0,0
0,0,0
1,1,0
0,0,1
0,0,1
0,0,1
0,0,1
0,0,0
0,0,0
1,0,0
0,0,0
0,0,0
0,0,0
1,1,0
0,0,0
1,0,0
0,0,0
0,0,0
1,0,0
0,0,0
0,0,0
0,0,0
0,0,0
0,0,0
0,0,0
0,0,0
0,0,0
0,0,0
0,0,0
0,0,0
0,0,0
1,0,0
1,0,0
0,0,0
1,0,0
1,0,0
1,0,0
1,0,0
1,0,0
0,0,0
1,0,0
0,0,0
0,0,0
0,0,0
1,0,0
0,0,0
0,0,0
0,0,0
0,0,0
0,0,0
1,0,0
1,0,0
0,0,0
1,1,0
0,0,0
1,0,0
0,0,0
0,0,0
0,0,0
0,0,0
0,0,0
0,0,0
0,0,0
0,0,0
0,0,0
0,0,0
0,0,0
0,0,0
0,0,0
0,0,0
0,0,0
0,0,0
1,0,1
0,0,0
0,0,0
0,0,0
1,0,1
0,0,0
0,0,0
0,0,1
1,0,1
1,0,1
0,0,1
0,0,0
0,0,0
0,0,0
0,0,1
1,0,0
0,0,0
1,0,0
0,0,0
1,0,0
0,0,0
0,0,0
0,0,0
0,0,0
0,0,0
0,0,0
1,0,0
0,0,0
1,1,0
1,0,0
1,1,0
0,0,0
0,0,0
0,0,0
0,0,0
1,0,0
0,0,0
0,0,0
0,0,0
0,0,0
0,0,0
0,0,0
0,0,0
0,0,0
0,0,0
0,0,0
0,0,0
0,0,0
0,0,0
0,0,0
0,0,0
0,0,0
0,0,0
0,0,0
0,0,0
0,0,0
0,0,0
0,0,0
0,0,0
1,0,0
1,0,0
0,0,1
1,1,0
1,0,0
0,0,0
0,0,0
0,0,0
0,0,1
1,0,0
1,0,1
1,0,0
1,0,0
1,0,0
1,0,0
0,0,1
1,0,1
0,0,1
0,0,0
0,0,0
1,0,1
1,0,0
0,0,0
0,0,0
0,0,0
1,0,0
0,0,0
1,0,0
0,0,0
1,0,1
0,0,1
1,0,0
1,1,0
1,0,0
1,0,0
1,0,0
0,0,0
0,0,0
0,0,0
0,0,0
0,0,0
0,0,0
0,0,0
0,0,0
0,0,0
0,0,0
0,0,0
0,0,0
0,0,0
0,0,0
0,0,0
0,0,0
0,0,0
0,0,0
0,0,0
0,0,0
0,0,0
0,0,0
0,0,0
0,0,0
0,0,0
0,0,0
1,0,1
1,0,1
1,0,0
0,0,0
1,0,0
0,0,0
0,0,0
0,0,0
1,0,0
0,0,1
1,0,0
1,0,1
1,0,0
1,0,0
1,0,0
1,0,0
1,0,1
0,0,1
1,0,0
0,0,1
1,0,0
1,0,0
0,0,0
1,0,0
0,0,0
0,0,0
0,0,0
0,0,0
1,0,0
1,0,0
1,0,0
1,0,0
0,0,0
1,0,0
0,0,0
1,0,1
0,0,1
0,0,0
0,0,0
0,0,0
1,0,0
1,0,1
1,0,0
1,0,0
1,0,0
1,0,0
1,0,0
1,0,0
1,0,0
1,0,0
1,0,0
0,0,0
0,0,0
1,0,0
1,0,0
1,0,0
0,0,0
0,0,0
0,0,1
0,0,1
1,0,0
0,0,1
1,0,1
1,0,1
1,0,1
0,0,0
1,0,1
1,0,0
1,0,0
0,0,0
0,0,1
0,0,1
1,0,0
1,0,0
1,0,0
0,0,0
0,0,1
0,0,1
1,0,0
1,0,0
0,0,0
0,0,0
1,0,0
0,0,0
0,0,0
1,0,0
1,0,0
1,0,0
0,0,0
1,0,0
0,0,0
0,0,1
0,0,0
1,0,0
1,0,0
0,0,0
1,0,0
0,0,0
0,0,1
0,0,0
0,0,1
0,0,1
0,0,1
1,0,1
0,0,0
0,0,1
1,0,1
1,0,0
0,0,1
0,0,1
0,0,1
1,0,0
1,0,0
0,0,1
0,0,0
0,0,0
1,0,0
0,0,1
0,0,0
0,0,0
0,0,0
0,0,0
0,0,0
0,0,0
0,0,0
0,0,0
0,0,0
0,0,0
0,0,0
0,0,0
0,0,0
0,0,0
0,0,0
0,0,0
0,0,0
0,0,0
0,0,0
0,0,0
0,0,0
0,0,0
0,0,0
0,0,0
0,0,0
0,0,0
0,0,0
0,0,0
0,0,0
0,0,0
0,0,0
0,0,0
0,0,0
0,0,0
0,0,0
0,0,0
0,0,0
0,0,0
0,0,0
0,0,0
0,0,0
1,0,1
0,0,0
0,0,0
0,0,0
1,0,1
0,0,0
0,0,0
0,0,1
1,0,1
1,0,1
0,0,1
0,0,0
0,0,0
0,0,0
0,0,1
1,0,0
0,0,0
1,0,0
0,0,0
0,0,0
1,0,1
0,0,0
0,0,0
0,0,0
1,0,1
0,0,0
0,0,0
0,0,1
1,0,1
1,0,1
0,0,1
0,0,0
0,0,0
0,0,0
0,0,1
1,0,0
0,0,0
1,0,0
0,0,0
0,0,0
1,0,1
0,0,0
0,0,0
0,0,0
1,0,1
0,0,0
0,0,0
0,0,1
1,0,1
1,0,1
0,0,1
0,0,0
0,0,0
0,0,0
0,0,1
1,0,0
0,0,0
1,0,0
0,0,0
0,0,0
1,0,1
0,0,0
0,0,0
0,0,0
1,0,1
0,0,0
0,0,0
0,0,1
1,0,1
1,0,1
0,0,1
0,0,0
0,0,0
0,0,0
0,0,1
1,0,0
0,0,0
1,0,0
0,0,0
0,0,0
1,0,1
0,0,0
0,0,0
0,0,0
1,0,1
0,0,0
0,0,0
0,0,1
1,0,1
1,0,1
0,0,1
0,0,0
0,0,0
0,0,0
0,0,1
1,0,0
0,0,0
1,0,0
0,0,0
0,0,0
1,0,1
0,0,0
0,0,0
0,0,0
1,0,1
0,0,0
0,0,0
0,0,1
1,0,1
1,0,1
0,0,1
0,0,0
0,0,0
0,0,0
0,0,1
1,0,0
0,0,0
1,0,0
0,0,0
0,0,0
0,0,1
0,0,0
0,0,1
0,0,1
0,0,0
0,0,0
0,0,0
0,0,0
1,0,0
1,0,0
1,0,0
1,0,0
0,0,1
1,0,0
0,0,0
1,0,0
0,0,0
1,0,0
0,0,0
0,0,0
1,0,1
0,0,0
0,0,0
0,0,0
1,0,1
0,0,0
0,0,0
0,0,1
1,0,1
1,0,1
0,0,1
0,0,0
0,0,0
0,0,0
0,0,1
1,0,0
0,0,0
1,0,0
0,0,0
0,0,0
1,0,1
0,0,0
0,0,0
0,0,0
1,0,1
0,0,0
0,0,0
0,0,1
1,0,1
1,0,1
0,0,1
0,0,0
0,0,0
0,0,0
0,0,1
1,0,0
0,0,0
1,0,0
0,0,0
0,0,0
1,0,1
0,0,0
0,0,0
0,0,0
1,0,1
0,0,0
0,0,0
0,0,1
1,0,1
1,0,1
0,0,1
0,0,0
0,0,0
0,0,0
0,0,1
1,0,0
0,0,0
1,0,0
0,0,0
0,0,0
1,0,1
0,0,0
0,0,0
0,0,0
1,0,1
0,0,0
0,0,0
0,0,1
1,0,1
1,0,1
0,0,1
0,0,0
0,0,0
0,0,0
0,0,1
1,0,0
0,0,0
1,0,0
0,0,0
0,0,0
1,0,1
0,0,0
0,0,0
0,0,0
1,0,1
0,0,0
0,0,0
0,0,1
1,0,1
1,0,1
0,0,1
0,0,0
0,0,0
0,0,0
0,0,1
1,0,0
0,0,0
1,0,0
0,0,0
0,0,0
1,0,1
0,0,0
0,0,0
0,0,0
1,0,1
0,0,0
0,0,0
0,0,1
1,0,1
1,0,1
0,0,1
0,0,0
0,0,0
0,0,0
0,0,1
1,0,0
0,0,0
1,0,0
0,0,0
0,0,0
0,0,0
0,0,0
0,0,0
0,0,0
0,0,0
0,0,0
0,0,0
0,0,0
0,0,0
0,0,0
0,0,0
0,0,0
0,0,0
0,0,0
0,0,0
0,0,0
0,0,0
0,0,0
0,0,0
0,0,0
1,0,1
0,0,0
0,0,0
0,0,0
1,0,1
0,0,0
0,0,0
0,0,1
1,0,1
1,0,1
0,0,1
0,0,0
0,0,0
0,0,0
0,0,1
1,0,0
0,0,0
1,0,0
0,0,0
0,0,0
1,0,1
0,0,0
0,0,0
0,0,0
1,0,1
0,0,0
0,0,0
0,0,1
1,0,1
1,0,1
0,0,1
0,0,0
0,0,0
0,0,0
0,0,1
1,0,0
0,0,0
1,0,0
0,0,0
0,0,0
1,0,1
0,0,0
0,0,0
0,0,0
1,0,1
0,0,0
0,0,0
0,0,1
1,0,1
1,0,1
0,0,1
0,0,0
0,0,0
0,0,0
0,0,1
1,0,0
0,0,0
1,0,0
0,0,0
0,0,0
1,0,1
0,0,0
0,0,0
0,0,0
1,0,1
0,0,0
0,0,0
0,0,1
1,0,1
1,0,1
0,0,1
0,0,0
0,0,0
0,0,0
0,0,1
1,0,0
0,0,0
1,0,0
0,0,0
0,0,0
1,0,0
1,0,0
1,0,0
1,0,0
0,0,0
0,0,1
1,0,0
1,0,0
1,0,0
0,0,0
0,0,1
1,0,0
1,0,0
0,0,0
1,0,0
1,0,0
0,0,1
1,0,1
1,0,1
0,0,0
1,0,1
0,0,0
0,0,0
0,0,0
1,0,1
0,0,0
0,0,0
0,0,1
1,0,1
1,0,1
0,0,1
0,0,0
0,0,0
0,0,0
0,0,1
1,0,0
0,0,0
1,0,0
0,0,0
0,0,0
1,0,1
0,0,0
0,0,0
0,0,0
1,0,1
0,0,0
0,0,0
0,0,1
1,0,1
1,0,1
0,0,1
0,0,0
0,0,0
0,0,0
0,0,1
1,0,0
0,0,0
1,0,0
0,0,0
0,0,0
1,0,1
0,0,0
0,0,0
0,0,0
1,0,1
0,0,0
0,0,0
0,0,1
1,0,1
1,0,1
0,0,1
0,0,0
0,0,0
0,0,0
0,0,1
1,0,0
0,0,0
1,0,0
0,0,0
0,0,0
1,0,1
0,0,0
0,0,0
0,0,0
1,0,1
0,0,0
0,0,0
0,0,1
1,0,1
1,0,1
0,0,1
0,0,0
0,0,0
0,0,0
0,0,1
1,0,0
0,0,0
1,0,0
0,0,0
0,0,0
1,0,1
0,0,0
0,0,0
0,0,0
1,0,1
0,0,0
0,0,0
0,0,1
1,0,1
1,0,1
0,0,1
0,0,0
0,0,0
0,0,0
0,0,1
1,0,0
0,0,0
1,0,0
0,0,0
0,0,0
0,0,0
0,0,0
0,0,0
0,0,0
0,0,0
0,0,0
0,0,0
0,0,0
0,0,0
0,0,0
0,0,0
0,0,0
0,0,0
0,0,0
0,0,0
0,0,0
0,0,0
0,0,0
1,0,0
0,0,0
0,0,0
0,0,0
0,0,0
0,0,0
0,0,0
0,0,0
0,0,0
0,0,0
0,0,0
0,0,0
0,0,0
0,0,0
0,0,0
0,0,0
0,0,0
0,0,0
0,0,0
0,0,0
0,0,0
1,0,0
1,0,0
1,0,0
0,0,0
1,0,0
1,0,0
1,0,0
1,0,1
0,0,1
1,0,1
1,0,0
0,0,0
0,0,0
0,0,0
1,0,0
1,0,0
0,0,0
1,0,0
1,0,0
0,0,0
0,0,0
1,0,0
0,0,0
0,0,0
0,0,0
0,0,0
0,0,0
0,0,0
0,0,0
0,0,0
0,0,0
0,0,0
0,0,0
0,0,0
0,0,0
0,0,0
0,0,0
0,0,0
0,0,0
0,0,0
0,0,0
0,0,0
0,0,0
1,0,0
0,0,0
0,0,0
0,0,0
0,0,0
0,0,0
0,0,0
0,0,0
0,0,0
0,0,0
0,0,0
0,0,0
0,0,0
0,0,0
0,0,0
0,0,0
0,0,0
0,0,0
0,0,0
0,0,0
0,0,0
0,0,0
0,0,0
0,0,0
0,0,0
0,0,0
0,0,0
1,0,0
0,0,0
0,0,0
0,0,0
0,0,0
0,0,0
0,0,0
0,0,0
0,0,0
0,0,0
0,0,0
0,0,0
0,0,0
0,0,0
0,0,0
0,0,0
0,0,0
0,0,0
0,0,0
0,0,0
0,0,0
0,0,0
0,0,0
0,0,0
0,0,0
1,0,0
0,0,0
0,0,0
0,0,0
0,0,0
1,0,0
0,0,0
0,0,0
0,0,0
0,0,0
0,0,0
0,0,0
0,0,0
0,0,0
0,0,0
0,0,0
1,0,0
0,0,0
0,0,0
0,0,0
0,0,0
1,0,0
0,0,0
0,0,0
0,0,0
0,0,0
1,0,1
0,0,0
0,0,0
0,0,0
1,0,1
0,0,0
0,0,0
0,0,1
1,0,1
1,0,1
0,0,1
0,0,0
0,0,0
0,0,0
0,0,1
1,0,0
0,0,0
1,0,0
0,0,0
0,0,0
0,0,0
1,0,0
0,0,0
0,0,0
1,0,0
0,0,0
0,0,0
0,0,0
1,0,0
0,0,0
0,0,0
0,0,0
0,0,0
0,0,0
1,0,0
0,0,0
0,0,0
0,0,0
0,0,0
1,0,0
1,0,0
0,0,0
0,0,0
0,0,0
0,0,0
0,0,0
0,0,0
0,0,0
0,0,0
0,0,0
0,0,0
0,0,0
0,0,0
0,0,0
0,0,0
1,0,0
0,0,0
0,0,0
0,0,0
1,0,0
0,0,1
0,0,0
0,0,0
1,0,0
1,0,0
0,0,0
0,0,0
0,0,0
0,0,0
0,0,0
0,0,0
1,0,0
0,0,0
1,0,0
0,0,0
0,0,0
0,0,0
1,0,0
0,0,0
0,0,0
1,0,1
0,0,0
0,0,0
0,0,0
1,0,1
0,0,0
0,0,0
0,0,1
1,0,1
1,0,1
0,0,1
0,0,0
0,0,0
0,0,0
0,0,1
1,0,0
0,0,0
1,0,0
0,0,0
0,0,0
1,0,1
0,0,0
0,0,0
0,0,0
1,0,1
0,0,0
0,0,0
0,0,1
1,0,1
1,0,1
0,0,1
0,0,0
0,0,0
0,0,0
0,0,1
1,0,0
0,0,0
1,0,0
0,0,0
1,0,0
0,0,0
0,0,0
1,0,0
0,0,0
0,0,0
0,0,0
0,0,0
0,0,0
0,0,0
0,0,0
0,0,0
0,0,0
0,0,0
0,0,0
0,0,0
0,0,0
0,0,0
1,0,0
0,0,0
0,0,1
0,0,1
0,0,0
1,0,1
1,0,0
1,0,0
0,0,1
1,0,0
1,0,1
0,0,1
1,0,1
1,0,0
1,0,1
0,0,0
1,0,1
0,0,0
0,0,1
1,0,1
1,0,1
0,0,0
0,0,0
1,0,1
0,0,0
0,0,0
0,0,0
1,0,1
0,0,0
0,0,0
0,0,1
1,0,1
1,0,1
0,0,1
0,0,0
0,0,0
0,0,0
0,0,1
1,0,0
0,0,0
1,0,0
0,0,0
1,0,0
1,0,1
0,0,1
1,0,1
1,0,0
1,0,1
0,0,0
0,0,0
0,0,1
1,0,1
1,0,1
0,0,0
0,0,0
1,0,1
0,0,0
1,0,1
0,0,1
1,0,0
1,0,0
1,0,0
1,0,0
1,0,0
0,0,1
0,0,1
0,0,0
1,0,1
1,0,0
1,0,0
1,0,0
1,0,1
0,0,1
1,0,0
0,0,1
1,0,0
1,0,1
0,0,1
1,0,1
1,0,0
1,0,1
0,0,0
0,0,0
0,0,0
1,0,0
1,0,0
0,0,1
0,0,0
1,0,0
0,0,0
0,0,0
0,0,0
0,0,0
0,0,0
1,0,0
0,0,0
1,0,0
0,0,0
0,0,0
0,0,0
0,0,0
0,0,0
0,0,0
1,0,0
1,0,0
0,0,0
1,0,0
0,0,0
0,0,1
0,0,0
0,0,0
1,0,0
0,0,0
0,0,0
0,0,0
0,0,0
0,0,0
0,0,0
1,0,0
0,0,0
0,0,0
0,0,0
0,0,0
0,0,0
0,0,0
1,0,0
0,0,0
0,0,0
0,0,0
0,0,0
0,0,0
0,0,0
0,0,0
0,0,0
1,0,0
0,0,0
0,0,0
0,0,0
0,0,0
0,0,0
0,0,0
0,0,0
0,0,0
1,0,1
0,0,0
0,0,0
0,0,0
1,0,1
0,0,0
0,0,0
0,0,1
1,0,1
1,0,1
0,0,1
0,0,0
0,0,0
0,0,0
0,0,1
1,0,0
0,0,0
1,0,0
0,0,0
0,0,0
1,0,1
0,0,0
0,0,0
0,0,0
1,0,1
0,0,0
0,0,0
0,0,1
1,0,1
1,0,1
0,0,1
0,0,0
0,0,0
0,0,0
0,0,1
1,0,0
0,0,0
1,0,0
0,0,0
1,0,0
1,0,0
0,0,0
1,0,0
0,0,0
0,0,0
1,0,0
0,0,1
0,0,0
0,0,0
0,0,0
1,0,0
0,0,0
0,0,0
0,0,0
0,0,0
0,0,0
0,0,0
1,0,0
0,0,0
0,0,0
0,0,0
1,0,0
1,0,0
0,0,1
0,0,0
1,0,0
0,0,0
0,0,0
1,0,0
0,0,0
1,0,0
1,0,0
0,0,0
0,0,0
1,0,0
1,0,0
1,0,0
0,0,0
0,0,0
1,0,1
1,0,1
1,0,0
0,0,1
1,0,1
1,0,1
1,0,0
1,0,1
0,0,1
1,0,0
1,0,0
0,0,0
1,0,1
0,0,1
0,0,1
1,0,0
1,0,1
0,0,1
1,0,0
1,0,0
0,0,1
1,0,1
0,0,1
1,0,1
1,0,1
0,0,1
1,0,0
1,0,0
1,0,0
1,0,0
0,0,1
0,0,1
0,0,0
1,0,1
1,0,0
1,0,0
1,0,0
1,0,1
0,0,1
1,0,0
1,0,0
0,0,1
0,0,1
1,0,0
0,0,1
1,0,1
1,0,0
1,0,0
1,0,0
1,0,0
1,0,1
0,0,1
1,0,0
0,0,1
1,0,1
0,0,1
1,0,0
1,0,1
0,0,1
1,0,1
1,0,0
0,0,0
1,0,0
1,0,0
1,0,0
0,0,0
0,0,0
1,0,0
1,0,0
0,0,0
1,0,0
1,0,0
1,0,0
0,0,0
1,0,0
1,0,1
0,0,0
0,0,0
1,0,0
0,0,0
0,0,0
0,0,0
1,0,0
0,0,0
0,0,0
1,0,0
0,0,0
0,0,0
0,0,0
1,0,0
1,0,0
0,0,0
0,0,0
1,0,0
1,0,0
0,0,0
1,0,0
1,0,0
0,0,0
0,0,0
0,0,0
1,0,1
0,0,0
0,0,0
0,0,0
1,0,1
0,0,0
0,0,0
0,0,1
1,0,1
1,0,1
0,0,1
0,0,0
0,0,0
0,0,0
0,0,1
1,0,0
0,0,0
1,0,0
0,0,0
0,0,0
0,0,0
0,0,0
0,0,0
1,0,0
0,0,0
1,0,0
0,0,0
1,0,0
0,0,0
0,0,0
1,0,0
0,0,0
0,0,0
1,0,0
0,0,0
0,0,0
0,0,0
0,0,0
0,0,0
0,0,0
0,0,0
0,0,0
1,0,0
1,0,0
1,0,0
1,0,0
1,0,0
1,0,0
1,0,0
0,0,0
0,0,0
0,0,0
1,0,0
0,0,0
1,0,0
0,0,0
0,0,0
0,0,0
0,0,0
0,0,0
1,0,1
0,0,0
0,0,0
0,0,0
1,0,1
0,0,0
0,0,0
0,0,1
1,0,1
1,0,1
0,0,1
0,0,0
0,0,0
0,0,0
0,0,1
1,0,0
0,0,0
1,0,0
0,0,0
0,0,0
1,0,1
0,0,0
0,0,0
0,0,0
1,0,1
0,0,0
0,0,0
0,0,1
1,0,1
1,0,1
0,0,1
0,0,0
0,0,0
0,0,0
0,0,1
1,0,0
0,0,0
1,0,0
0,0,0
1,0,0
0,0,0
0,0,0
1,0,0
1,0,0
1,0,0
0,0,0
1,0,0
0,0,0
0,0,0
1,0,0
0,0,0
0,0,0
1,0,0
1,1,0
1,0,0
0,0,0
0,0,0
0,0,0
1,0,0
0,0,0
0,0,0
1,0,0
0,0,0
0,0,0
0,0,0
0,0,0
0,0,0
0,0,0
1,0,0
1,0,0
0,0,0
0,0,0
0,0,0
0,0,0
0,0,0
0,0,0
0,0,0
0,0,0
0,0,0
1,0,1
1,0,0
0,0,0
0,0,0
0,0,0
1,0,0
0,0,0
1,0,0
0,0,0
0,0,0
0,0,0
0,0,0
1,0,0
1,0,0
1,1,0
0,0,0
0,0,0
0,0,0
0,0,0
1,0,0
0,0,0
1,0,0
0,0,0
0,0,0
0,0,0
0,0,0
1,0,0
1,0,0
1,1,0
0,0,0
0,0,0
1,0,0
0,0,0
1,0,0
1,0,0
1,0,0
1,0,0
1,0,0
0,0,0
0,0,0
0,0,0
0,0,0
1,0,0
0,0,0
0,0,0
0,0,0
0,0,0
0,0,0
1,0,0
0,0,0
1,0,1
1,0,0
1,0,0
0,0,0
1,0,0
1,0,0
0,0,1
1,0,0
0,0,0
0,0,1
0,0,0
1,0,1
0,0,0
0,0,0
0,0,0
1,0,1
0,0,0
0,0,0
0,0,1
1,0,1
1,0,1
0,0,1
0,0,0
0,0,0
0,0,0
0,0,1
1,0,0
0,0,0
1,0,0
0,0,0
0,0,0
1,0,1
0,0,0
0,0,0
0,0,0
1,0,1
0,0,0
0,0,0
0,0,1
1,0,1
1,0,1
0,0,1
0,0,0
0,0,0
0,0,0
0,0,1
1,0,0
0,0,0
1,0,0
0,0,0
1,0,0
1,0,0
1,0,0
1,0,0
0,0,0
0,0,0
0,0,0
0,0,0
0,0,0
0,0,0
1,0,0
1,0,0
0,0,0
1,0,0
0,0,0
1,0,0
1,0,0
1,0,0
0,0,0
1,0,0
0,0,0
0,0,0
0,0,0
0,0,0
0,0,0
0,0,0
0,0,0
1,0,0
1,0,0
0,0,0
0,0,0
0,0,0
1,0,1
0,0,0
0,0,0
0,0,0
1,0,1
0,0,0
0,0,0
0,0,1
1,0,1
1,0,1
0,0,1
0,0,0
0,0,0
0,0,0
0,0,1
1,0,0
0,0,0
1,0,0
0,0,0
0,0,1
0,0,0
1,0,0
1,0,0
0,0,0
0,0,0
0,0,0
0,0,0
0,0,0
0,0,0
0,0,0
1,0,0
1,0,0
0,0,0
0,0,0
0,0,0
0,0,0
0,0,0
0,0,0
0,0,0
0,0,0
0,0,0
0,0,0
0,0,0
0,0,0
0,0,0
0,0,0
1,0,0
1,0,0
0,0,0
1,0,0
0,0,0
0,0,0
0,0,0
0,0,0
0,0,0
1,0,0
1,0,0
0,0,0
0,0,0
1,0,0
0,0,0
0,0,0
1,0,0
0,0,0
1,0,0
0,0,0
1,0,0
1,0,0
1,0,0
1,0,0
1,0,0
0,0,0
0,0,0
1,0,0
0,0,0
1,0,0
1,0,0
0,0,0
0,0,0
1,0,0
1,0,0
0,0,1
0,0,0
0,0,0
1,0,0
0,0,0
0,0,0
1,0,0
0,0,0
1,0,0
1,0,0
0,0,1
1,0,0
1,0,0
1,1,0
0,0,0
1,1,0
1,0,1
0,0,0
1,0,1
1,0,0
0,0,0
1,0,0
0,0,0
0,0,0
0,0,0
0,0,0
1,0,0
0,0,0
0,0,0
1,0,0
0,0,0
0,0,0
0,0,0
0,0,0
0,0,0
0,0,0
0,0,0
0,0,0
1,0,0
0,0,1
0,0,0
0,0,0
1,0,0
0,0,0
0,0,0
0,0,0
1,0,0
0,0,0
1,0,1
1,0,0
0,0,0
1,0,0
0,0,0
0,0,0
0,0,0
0,0,0
0,0,0
1,0,0
0,0,0
0,0,0
0,0,0
0,0,0
0,0,0
1,0,0
0,0,0
1,0,0
0,0,0
0,0,0
1,0,1
0,0,0
0,0,0
0,0,0
1,0,1
0,0,0
0,0,0
0,0,1
1,0,1
1,0,1
0,0,1
0,0,0
0,0,0
0,0,0
0,0,1
1,0,0
0,0,0
1,0,0
0,0,0
0,0,0
0,0,0
0,0,0
0,0,0
0,0,0
0,0,0
0,0,0
0,0,0
0,0,0
0,0,0
0,0,0
0,0,0
0,0,0
0,0,1
0,0,0
0,0,0
0,0,0
0,0,0
0,0,0
0,0,0
0,0,0
0,0,0
1,0,0
1,0,0
0,0,0
0,0,0
0,0,0
0,0,0
0,0,0
0,0,0
0,0,0
0,0,0
1,0,0
0,0,0
0,0,0
0,0,0
0,0,0
0,0,0
0,0,1
1,0,0
1,0,0
1,0,0
1,0,0
0,0,0
0,0,0
0,0,0
0,0,1
0,0,0
0,0,0
0,0,0
0,0,0
0,0,0
0,0,0
0,0,0
0,0,0
1,0,1
0,0,0
1,0,0
1,0,0
1,0,0
0,0,0
0,0,1
0,0,0
0,0,0
0,0,0
1,0,0
0,0,0
0,0,0
0,0,0
0,0,1
0,0,0
0,0,0
0,0,0
0,0,0
1,0,0
1,0,0
0,0,0
0,0,0
1,0,0
1,0,0
0,0,0
1,0,0
0,0,0
0,0,1
1,0,0
0,0,0
0,0,0
1,0,0
0,0,0
0,0,0
0,0,0
0,0,0
0,0,0
0,0,0
0,0,0
0,0,0
0,0,0
0,0,0
0,0,0
0,0,0
0,0,0
0,0,0
0,0,0
0,0,0
0,0,0
0,0,0
0,0,0
0,0,0
0,0,0
0,0,0
0,0,0
0,0,0
0,0,1
1,0,0
0,0,0
1,0,0
0,0,0
0,0,0
0,0,0
0,0,0
0,0,0
0,0,0
0,0,0
0,0,0
0,0,0
0,0,0
1,0,0
0,0,0
0,0,0
0,0,0
0,0,0
0,0,0
0,0,0
0,0,0
0,0,0
0,0,0
0,0,0
0,0,0
0,0,0
1,0,0
0,0,0
0,0,0
0,0,0
0,0,0
0,0,0
0,0,0
1,0,0
0,0,0
0,0,0
0,0,0
0,0,0
0,0,0
1,0,0
0,0,0
1,0,0
1,0,0
1,0,0
1,0,0
0,0,1
0,0,0
0,0,0
0,0,0
1,0,0
1,0,0
1,0,0
1,0,0
1,0,0
1,0,0
1,0,0
0,0,0
1,0,0
0,0,0
0,0,0
0,0,0
0,0,0
0,0,0
0,0,0
0,0,0
0,0,0
0,0,0
0,0,0
0,0,0
0,0,0
0,0,0
0,0,0
1,0,0
0,0,0
0,0,0
0,0,0
0,0,0
0,0,0
0,0,0
0,0,0
0,0,0
0,0,0
0,0,0
0,0,0
0,0,0
0,0,0
0,0,0
0,0,0
0,0,0
0,0,0
0,0,0
0,0,0
0,0,0
0,0,0
0,0,0
0,0,0
0,0,0
0,0,0
0,0,0
0,0,0
0,0,0
0,0,0
0,0,0
0,0,0
0,0,0
0,0,0
0,0,0
0,0,0
0,0,0
0,0,0
0,0,0
0,0,0
0,0,0
0,0,0
0,0,0
0,0,0
0,0,0
0,0,0
0,0,0
0,0,0
0,0,0
0,0,0
0,0,0
0,0,0
0,0,0
0,0,0
0,0,0
0,0,0
0,0,0
0,0,0
0,0,0
0,0,0
0,0,0
0,0,0
0,0,0
0,0,0
0,0,0
0,0,0
0,0,0
0,0,0
0,0,0
0,0,0
0,0,0
0,0,0
0,0,0
0,0,0
0,0,0
0,0,0
0,0,0
0,0,0
0,0,0
0,0,0
0,0,0
0,0,0
0,0,0
0,0,0
0,0,0
0,0,0
0,0,0
0,0,0
0,0,0
0,0,0
0,0,0
0,0,0
0,0,0
0,0,0
0,0,0
0,0,0
0,0,0
0,0,0
0,0,0
0,0,0
0,0,0
0,0,0
0,0,0
0,0,0
0,0,0
0,0,0
0,0,0
0,0,0
0,0,0
0,0,0
0,0,0
0,0,0
1,0,0
0,0,0
0,0,0
0,0,0
0,0,0
1,0,0
0,0,0
0,0,0
0,0,0
0,0,0
0,0,0
0,0,0
0,0,0
0,0,0
0,0,0
0,0,0
0,0,0
0,0,0
0,0,0
0,0,0
0,0,1
0,0,0
0,0,0
0,0,0
0,0,0
0,0,0
1,0,0
0,0,0
0,0,0
0,0,0
0,0,0
0,0,0
0,0,0
0,0,0
0,0,0
0,0,0
0,0,0
0,0,0
0,0,0
0,0,0
0,0,0
0,0,0
0,0,0
0,0,0
0,0,0
0,0,0
0,0,0
0,0,0
0,0,0
0,0,0
0,0,0
0,0,0
0,0,0
0,0,0
0,0,0
0,0,0
0,0,0
0,0,0
0,0,0
0,0,0
0,0,0
0,0,0
0,0,0
0,0,0
0,0,0
0,0,0
0,0,0
0,0,0
0,0,0
0,0,0
0,0,0
0,0,0
0,0,0
0,0,0
0,0,0
0,0,0
0,0,0
0,0,0
0,0,0
0,0,0
0,0,0
0,0,0
0,0,0
0,0,0
0,0,0
0,0,0
0,0,0
0,0,0
0,0,0
0,0,0
0,0,0
0,0,0
0,0,0
0,0,0
0,0,0
0,0,0
0,0,0
0,0,0
0,0,0
0,0,0
0,0,0
0,0,0
0,0,0
0,0,0
0,0,0
0,0,0
0,0,0
0,0,0
0,0,0
0,0,0
0,0,0
0,0,0
0,0,0
0,0,0
0,0,0
0,0,0
0,0,0
0,0,0
0,0,0
0,0,0
0,0,0
0,0,0
0,0,0
0,0,0
0,0,0
0,0,0
0,0,0
0,0,0
0,0,0
0,0,0
0,0,0
0,0,0
0,0,0
0,0,0
0,0,0
0,0,0
0,0,0
0,0,0
0,0,0
0,0,0
0,0,0
0,0,0
0,0,0
0,0,0
0,0,0
0,0,0
0,0,0
0,0,0
0,0,0
0,0,0
0,0,0
0,0,0
0,0,0
0,0,0
0,0,0
0,0,0
0,0,0
0,0,0
0,0,0
0,0,0
0,0,0
0,0,0
0,0,0
0,0,0
0,0,0
0,0,0
0,0,0
0,0,0
0,0,0
0,0,0
0,0,0
0,0,0
0,0,0
0,0,0
0,0,0
0,0,0
0,0,0
0,0,0
0,0,0
0,0,0
0,0,0
0,0,0
0,0,0
0,0,0
0,0,0
0,0,0
0,0,0
0,0,0
0,0,0
0,0,0
0,0,0
0,0,0
0,0,0
0,0,0
0,0,0
0,0,0
0,0,0
0,0,0
0,0,0
0,0,0
0,0,0
0,0,0
0,0,0
0,0,0
0,0,0
0,0,0
0,0,0
0,0,0
0,0,0
0,0,0
0,0,0
0,0,0
0,0,0
0,0,0
1,0,1
0,0,0
0,0,0
0,0,0
1,0,1
0,0,0
0,0,0
0,0,1
1,0,1
1,0,1
0,0,1
0,0,0
0,0,0
0,0,0
0,0,1
1,0,0
0,0,0
1,0,0
0,0,0
0,0,0
0,0,0
0,0,0
0,0,0
0,0,0
0,0,0
0,0,0
0,0,0
0,0,0
0,0,0
0,0,0
0,0,0
0,0,0
0,0,0
0,0,0
0,0,0
0,0,0
0,0,0
0,0,0
0,0,0
0,0,0
0,0,0
0,0,0
0,0,0
0,0,0
0,0,0
0,0,0
0,0,0
0,0,0
0,0,0
0,0,0
0,0,0
0,0,0
0,0,0
0,0,0
0,0,0
0,0,0
0,0,0
0,0,0
0,0,0
0,0,0
0,0,0
0,0,0
0,0,0
0,0,0
0,0,0
0,0,0
0,0,0
0,0,0
0,0,0
0,0,0
0,0,0
0,0,0
0,0,0
0,0,0
0,0,0
0,0,0
0,0,0
0,0,0
0,0,0
0,0,0
0,0,0
0,0,0
0,0,0
0,0,0
0,0,0
0,0,0
0,0,0
0,0,0
0,0,0
0,0,0
0,0,0
0,0,0
0,0,0
0,0,0
0,0,0
0,0,0
0,0,0
0,0,0
0,0,0
0,0,0
0,0,0
0,0,0
0,0,0
0,0,0
0,0,0
0,0,0
0,0,0
0,0,0
0,0,0
0,0,0
0,0,0
0,0,0
0,0,0
0,0,0
0,0,0
0,0,0
0,0,0
0,0,0
0,0,0
0,0,0
0,0,0
0,0,0
0,0,0
0,0,0
0,0,0
0,0,0
0,0,0
0,0,0
0,0,0
0,0,0
0,0,0
0,0,0
0,0,0
0,0,0
0,0,0
0,0,0
0,0,0
0,0,0
0,0,0
0,0,0
0,0,0
0,0,0
0,0,0
0,0,0
0,0,0
0,0,0
0,0,0
0,0,0
0,0,0
0,0,0
0,0,0
0,0,0
0,0,0
0,0,0
0,0,0
0,0,0
0,0,0
0,0,0
0,0,0
0,0,0
0,0,0
0,0,0
0,0,0
0,0,0
0,0,0
0,0,0
0,0,0
0,0,0
0,0,0
0,0,0
0,0,0
0,0,0
0,0,0
0,0,0
0,0,0
0,0,0
0,0,0
0,0,0
0,0,0
0,0,0
1,0,1
0,0,0
0,0,0
0,0,0
1,0,1
0,0,0
0,0,0
0,0,1
1,0,1
1,0,1
0,0,1
0,0,0
0,0,0
0,0,0
0,0,1
1,0,0
0,0,0
1,0,0
0,0,0
0,0,0
0,0,1
0,0,0
1,0,0
0,0,0
0,0,0
0,0,0
0,0,0
0,0,0
0,0,0
0,0,0
0,0,0
0,0,0
0,0,0
0,0,0
0,0,0
0,0,0
0,0,0
1,0,0
0,0,0
0,0,0
0,0,0
0,0,0
0,0,0
0,0,0
0,0,0
0,0,0
0,0,0
0,0,0
0,0,0
0,0,0
0,0,0
0,0,0
0,0,0
0,0,0
0,0,0
0,0,0
0,0,0
0,0,0
0,0,0
0,0,0
0,0,0
0,0,0
0,0,0
0,0,0
0,0,0
0,0,0
0,0,0
0,0,0
0,0,0
0,0,0
0,0,0
0,0,0
0,0,0
0,0,0
0,0,0
0,0,0
0,0,0
0,0,0
0,0,0
0,0,0
0,0,0
0,0,0
0,0,0
0,0,0
0,0,0
0,0,0
0,0,0
0,0,0
0,0,0
0,0,0
0,0,0
0,0,0
0,0,0
0,0,0
0,0,0
0,0,0
0,0,0
0,0,0
0,0,0
0,0,0
0,0,0
0,0,0
0,0,0
0,0,0
0,0,0
0,0,0
0,0,0
0,0,0
0,0,0
0,0,0
0,0,0
0,0,0
0,0,0
0,0,0
0,0,0
0,0,0
0,0,0
0,0,0
0,0,0
0,0,0
0,0,0
0,0,0
0,0,0
0,0,0
0,0,0
0,0,0
0,0,0
0,0,0
0,0,0
0,0,0
0,0,0
0,0,0
0,0,0
0,0,0
0,0,0
0,0,0
0,0,0
0,0,0
0,0,0
0,0,0
0,0,0
0,0,0
0,0,0
0,0,0
0,0,0
0,0,0
0,0,0
0,0,0
0,0,0
0,0,0
0,0,0
0,0,0
0,0,0
0,0,0
0,0,0
0,0,0
0,0,0
0,0,0
0,0,0
0,0,0
0,0,0
0,0,0
0,0,0
0,0,0
0,0,0
0,0,0
0,0,0
0,0,0
0,0,0
0,0,0
0,0,0
0,0,0
0,0,0
0,0,0
0,0,0
0,0,0
0,0,0
0,0,0
0,0,0
0,0,0
0,0,0
0,0,0
0,0,0
0,0,0
0,0,0
0,0,0
0,0,0
0,0,0
0,0,0
0,0,0
0,0,0
0,0,0
0,0,0
0,0,0
0,0,0
0,0,0
0,0,0
0,0,0
0,0,0
0,0,0
0,0,0
0,0,0
0,0,0
0,0,0
0,0,0
0,0,0
0,0,0
0,0,0
0,0,0
0,0,0
0,0,0
0,0,0
0,0,0
0,0,0
0,0,0
0,0,0
0,0,0
0,0,0
0,0,0
0,0,0
0,0,0
0,0,0
0,0,0
0,0,0
0,0,0
0,0,0
0,0,0
0,0,0
0,0,0
0,0,0
0,0,0
0,0,0
0,0,0
0,0,0
0,0,0
0,0,0
0,0,0
0,0,0
0,0,0
0,0,0
0,0,0
0,0,0
0,0,0
0,0,0
0,0,0
0,0,0
0,0,0
0,0,0
0,0,0
0,0,0
0,0,0
0,0,0
0,0,0
0,0,0
0,0,0
0,0,0
0,0,0
0,0,0
0,0,0
0,0,0
0,0,0
0,0,0
0,0,0
0,0,0
0,0,0
0,0,0
0,0,0
0,0,0
0,0,0
0,0,0
0,0,0
0,0,0
0,0,0
0,0,0
0,0,0
0,0,0
0,0,0
0,0,0
0,0,0
0,0,0
0,0,0
0,0,0
0,0,0
0,0,0
0,0,0
0,0,0
0,0,0
0,0,0
0,0,0
0,0,0
0,0,0
0,0,0
0,0,0
0,0,0
0,0,0
0,0,0
0,0,0
0,0,0
0,0,0
0,0,0
0,0,0
0,0,0
0,0,0
0,0,0
0,0,0
0,0,0
0,0,0
0,0,0
0,0,0
0,0,0
0,0,0
0,0,0
0,0,0
0,0,0
0,0,0
0,0,0
0,0,0
0,0,0
0,0,0
0,0,0
0,0,0
0,0,0
0,0,0
0,0,0
0,0,0
0,0,0
0,0,0
0,0,0
0,0,0
0,0,0
0,0,0
0,0,0
0,0,0
0,0,0
0,0,0
0,0,0
0,0,0
0,0,0
0,0,0
